app       , args                                                      , ranks, quartz , ruby   , lassen, borax , boraxo, corona-cpu, dane  , mammoth, matrix-cpu, matrix-gpu, tioga-cpu, tioga-gpu, tuolumne-cpu, tuolumne-gpu
amg       , -problem1-p442-n12812864                                  , 32   , 1.0    , 1.4861 ,       , 0.9738, 1.2155,           , 0.9821, 1.0446 , 1.0943    ,           , 1.2496   ,          , 2.2508      , 
amg       , -problem1-p442-n16168                                     , 32   , 1.0    , 1.1692 ,       , 0.1574, 0.1489,           , 0.1452, 0.1279 , 0.1475    ,           , 0.1449   ,          , 0.1133      , 
amg       , -problem1-p442-n323216                                    , 32   , 1.0    , 1.4206 ,       , 0.3497, 0.3631,           , 0.3528, 0.3103 , 0.3364    ,           , 0.4827   ,          , 0.3223      , 
amg       , -problem1-p442-n646432                                    , 32   , 1.0    , 1.4411 ,       , 0.7051, 0.8565,           , 0.7219, 0.7347 , 0.7594    ,           , 0.9862   ,          , 1.2227      , 
amg       , -problem1-p442-n884                                       , 32   , 1.0    , 0.3915 ,       , 0.1281, 0.1209,           , 0.1147, 0.1037 , 0.1167    ,           , 0.1471   ,          ,             , 
amg       , -problem2-p111-n128128128                                 , 1    , 1.0    , 1.1147 ,       , 0.1318, 0.1001,           , 0.1958, 0.1732 , 0.1822    ,           , 0.2012   ,          , 0.1991      , 
amg       , -problem2-p111-n161616                                    , 1    , 1.0    , 0.3869 ,       , 0.5396, 0.4017,           , 0.5243, 0.4023 , 0.653     ,           , 0.6408   ,          , 0.7079      , 
amg       , -problem2-p111-n256256256                                 , 1    , 1.0    , 1.2177 ,       , 0.11  ,       ,           , 0.1468, 0.1412 , 0.1544    ,           , 0.1629   ,          , 0.1429      , 
amg       , -problem2-p111-n323232                                    , 1    , 1.0    , 0.6297 ,       , 0.3723, 0.2823,           , 0.5458, 0.4108 , 0.5898    ,           , 0.5161   ,          , 0.6196      , 
amg       , -problem2-p111-n646464                                    , 1    , 1.0    , 0.7781 ,       , 0.1682, 0.1287,           , 0.2409, 0.2105 , 0.2255    ,           , 0.2511   ,          , 0.2587      , 
amg       , -problem2-p111-n888                                       , 1    , 1.0    , 1.5149 ,       , 0.7084, 0.5066,           , 0.5109, 0.3824 , 0.6901    ,           , 0.722    ,          , 0.7328      , 
amg       , -problem2-p442-n12812864                                  , 32   , 1.0    , 1.4522 ,       , 0.9254, 1.3005,           , 0.9311, 1.0451 , 1.0293    ,           , 1.2358   ,          , 2.9044      , 
amg       , -problem2-p442-n16168                                     , 32   , 1.0    , 1.2053 ,       , 0.4573, 0.4208,           , 0.4565, 0.3755 , 0.4953    ,           , 0.4434   ,          , 0.3564      , 
amg       , -problem2-p442-n323216                                    , 32   , 1.0    , 1.514  ,       , 0.6839, 0.9125,           , 0.7916, 0.7465 , 0.89      ,           , 1.6451   ,          , 1.3535      , 
amg       , -problem2-p442-n646432                                    , 32   , 1.0    , 1.4101 ,       , 0.7865, 1.0466,           , 0.8097, 0.8972 , 0.893     ,           , 1.0658   ,          , 2.2411      , 
amg       , -problem2-p442-n884                                       , 32   , 1.0    , 1.1761 ,       , 0.3284, 0.3123,           , 0.3081, 0.2601 , 0.3217    ,           , 0.3824   ,          , 0.2376      , 
kripke.exe, --niter10--pmethodbj--groups16--legendre0                 , 1    , 1.0    , 2.2571 , 0.4018,       ,       ,           ,       ,        ,           ,           ,          ,          ,             , 
kripke.exe, "--niter10--pmethodbj--groups16--legendre0--procs4,4,2"   , 32   , 1.0    , 1.5158 ,       ,       ,       ,           , 0.1196, 0.1173 ,           ,           ,          ,          ,             , 
kripke.exe, --niter10--pmethodbj--groups16--legendre1                 , 1    , 1.0    , 2.2177 , 0.5122,       ,       ,           ,       ,        ,           ,           ,          ,          ,             , 
kripke.exe, "--niter10--pmethodbj--groups16--legendre1--procs4,4,2"   , 32   , 1.0    , 1.3819 ,       ,       ,       ,           , 0.123 , 0.1343 ,           ,           ,          ,          ,             , 
kripke.exe, --niter10--pmethodbj--groups16--legendre2                 , 1    , 1.0    , 2.1102 , 0.6168,       ,       ,           ,       ,        ,           ,           ,          ,          ,             , 
kripke.exe, "--niter10--pmethodbj--groups16--legendre2--procs4,4,2"   , 32   , 1.0    , 1.3678 ,       ,       ,       ,           , 0.1386, 0.1653 ,           ,           ,          ,          ,             , 
kripke.exe, --niter10--pmethodbj--groups16--legendre3                 , 1    , 1.0    , 2.1452 , 0.8203,       ,       ,           ,       ,        ,           ,           ,          ,          ,             , 
kripke.exe, "--niter10--pmethodbj--groups16--legendre3--procs4,4,2"   , 32   , 1.0    , 1.5583 ,       ,       ,       ,           , 0.1745, 0.2258 ,           ,           ,          ,          ,             , 
kripke.exe, --niter10--pmethodbj--groups16--legendre4                 , 1    , 1.0    , 2.1487 , 1.2163,       ,       ,           ,       ,        ,           ,           ,          ,          ,             , 
kripke.exe, "--niter10--pmethodbj--groups16--legendre4--procs4,4,2"   , 32   , 1.0    , 1.4195 ,       ,       ,       ,           , 0.1839, 0.2525 ,           ,           ,          ,          ,             , 
kripke.exe, --niter10--pmethodbj--groups32--legendre0                 , 1    , 1.0    , 2.2322 , 0.4626,       ,       ,           ,       ,        ,           ,           ,          ,          ,             , 
kripke.exe, "--niter10--pmethodbj--groups32--legendre0--procs4,4,2"   , 32   , 1.0    , 1.3253 ,       ,       ,       ,           , 0.1959, 0.2041 ,           ,           ,          ,          ,             , 
kripke.exe, --niter10--pmethodbj--groups32--legendre1                 , 1    , 1.0    , 2.1258 , 0.5761,       ,       ,           ,       ,        ,           ,           ,          ,          ,             , 
kripke.exe, "--niter10--pmethodbj--groups32--legendre1--procs4,4,2"   , 32   , 1.0    , 1.37   ,       ,       ,       ,           , 0.2304, 0.2533 ,           ,           ,          ,          ,             , 
kripke.exe, --niter10--pmethodbj--groups32--legendre2                 , 1    , 1.0    , 2.0081 , 0.8283,       ,       ,           ,       ,        ,           ,           ,          ,          ,             , 
kripke.exe, "--niter10--pmethodbj--groups32--legendre2--procs4,4,2"   , 32   , 1.0    , 1.3659 ,       ,       ,       ,           , 0.2747, 0.3134 ,           ,           ,          ,          ,             , 
kripke.exe, --niter10--pmethodbj--groups32--legendre3                 , 1    , 1.0    , 2.0671 , 1.398 ,       ,       ,           ,       ,        ,           ,           ,          ,          ,             , 0.1227
kripke.exe, "--niter10--pmethodbj--groups32--legendre3--procs4,4,2"   , 32   , 1.0    , 1.3848 ,       ,       ,       ,           , 0.3352, 0.4026 ,           ,           ,          ,          ,             , 
kripke.exe, --niter10--pmethodbj--groups32--legendre4                 , 1    , 1.0    , 2.0402 , 1.7549,       ,       ,           ,       ,        ,           ,           ,          ,          ,             , 0.1576
kripke.exe, "--niter10--pmethodbj--groups32--legendre4--procs4,4,2"   , 32   , 1.0    , 1.351  ,       ,       ,       ,           , 0.3721, 0.4921 ,           ,           ,          ,          ,             , 
kripke.exe, --niter10--pmethodbj--groups8--legendre0                  , 1    , 1.0    , 2.0596 , 0.2207,       ,       ,           ,       ,        ,           ,           ,          ,          ,             , 
kripke.exe, "--niter10--pmethodbj--groups8--legendre0--procs4,4,2"    , 32   , 1.0    , 1.5157 ,       ,       ,       ,           ,       ,        ,           ,           ,          ,          ,             , 
kripke.exe, --niter10--pmethodbj--groups8--legendre1                  , 1    , 1.0    , 2.1682 , 0.2706,       ,       ,           ,       ,        ,           ,           ,          ,          ,             , 
kripke.exe, "--niter10--pmethodbj--groups8--legendre1--procs4,4,2"    , 32   , 1.0    , 1.5285 ,       ,       ,       ,           ,       ,        ,           ,           ,          ,          ,             , 
kripke.exe, --niter10--pmethodbj--groups8--legendre2                  , 1    , 1.0    , 2.0323 , 0.3682,       ,       ,           ,       ,        ,           ,           ,          ,          ,             , 
kripke.exe, "--niter10--pmethodbj--groups8--legendre2--procs4,4,2"    , 32   , 1.0    , 1.4652 ,       ,       ,       ,           ,       , 0.1025 ,           ,           ,          ,          ,             , 
kripke.exe, --niter10--pmethodbj--groups8--legendre3                  , 1    , 1.0    , 2.0827 , 0.5416,       ,       ,           ,       ,        ,           ,           ,          ,          ,             , 
kripke.exe, "--niter10--pmethodbj--groups8--legendre3--procs4,4,2"    , 32   , 1.0    , 1.449  ,       ,       ,       ,           ,       , 0.1123 ,           ,           ,          ,          ,             , 
kripke.exe, --niter10--pmethodbj--groups8--legendre4                  , 1    , 1.0    , 2.0567 , 0.6276,       ,       ,           ,       ,        ,           ,           ,          ,          ,             , 
kripke.exe, "--niter10--pmethodbj--groups8--legendre4--procs4,4,2"    , 32   , 1.0    , 1.3968 ,       ,       ,       ,           , 0.1124, 0.1334 ,           ,           ,          ,          ,             , 
kripke.exe, --niter10--pmethodsweep--groups16--legendre0              , 1    , 1.0    , 2.3374 , 0.4273,       ,       ,           ,       ,        ,           ,           ,          ,          ,             , 
kripke.exe, "--niter10--pmethodsweep--groups16--legendre0--procs4,4,2", 32   , 1.0    , 1.5486 ,       ,       ,       ,           , 0.1298, 0.1063 ,           ,           ,          ,          ,             , 
kripke.exe, --niter10--pmethodsweep--groups16--legendre1              , 1    , 1.0    , 2.1534 , 0.5569,       ,       ,           ,       ,        ,           ,           ,          ,          ,             , 
kripke.exe, "--niter10--pmethodsweep--groups16--legendre1--procs4,4,2", 32   , 1.0    , 1.7698 ,       ,       ,       ,           , 0.1769, 0.1452 ,           ,           ,          ,          ,             , 
kripke.exe, --niter10--pmethodsweep--groups16--legendre2              , 1    , 1.0    , 2.1891 , 0.7644,       ,       ,           ,       ,        ,           ,           ,          ,          ,             , 
kripke.exe, "--niter10--pmethodsweep--groups16--legendre2--procs4,4,2", 32   , 1.0    , 1.3844 ,       ,       ,       ,           , 0.1781, 0.1499 ,           ,           ,          ,          ,             , 
kripke.exe, --niter10--pmethodsweep--groups16--legendre3              , 1    , 1.0    , 2.1481 , 0.857 ,       ,       ,           ,       ,        ,           ,           ,          ,          ,             , 
kripke.exe, "--niter10--pmethodsweep--groups16--legendre3--procs4,4,2", 32   , 1.0    , 1.4827 ,       ,       ,       ,           , 0.2375, 0.1937 ,           ,           ,          ,          ,             , 
kripke.exe, --niter10--pmethodsweep--groups16--legendre4              , 1    , 1.0    , 2.1586 , 1.4507,       ,       ,           ,       ,        ,           ,           ,          ,          ,             , 
kripke.exe, "--niter10--pmethodsweep--groups16--legendre4--procs4,4,2", 32   , 1.0    , 1.4224 ,       ,       ,       ,           , 0.3023, 0.2362 ,           ,           ,          ,          ,             , 
kripke.exe, --niter10--pmethodsweep--groups32--legendre0              , 1    , 1.0    , 2.2999 , 0.7116,       ,       ,           ,       ,        ,           ,           ,          ,          ,             , 
kripke.exe, "--niter10--pmethodsweep--groups32--legendre0--procs4,4,2", 32   , 1.0    , 1.4479 ,       ,       ,       ,           , 0.2215, 0.1782 ,           ,           ,          ,          ,             , 
kripke.exe, --niter10--pmethodsweep--groups32--legendre1              , 1    , 1.0    , 2.1252 , 1.1409,       ,       ,           ,       ,        ,           ,           ,          ,          ,             , 
kripke.exe, "--niter10--pmethodsweep--groups32--legendre1--procs4,4,2", 32   , 1.0    , 1.4628 ,       ,       ,       ,           , 0.2584, 0.2141 ,           ,           ,          ,          ,             , 
kripke.exe, --niter10--pmethodsweep--groups32--legendre2              , 1    , 1.0    , 2.0897 , 1.4276,       ,       ,           ,       ,        ,           ,           ,          ,          ,             , 
kripke.exe, "--niter10--pmethodsweep--groups32--legendre2--procs4,4,2", 32   , 1.0    , 1.409  ,       ,       ,       ,           , 0.3367, 0.2856 ,           ,           ,          ,          ,             , 
kripke.exe, --niter10--pmethodsweep--groups32--legendre3              , 1    , 1.0    , 2.0284 , 1.8049,       ,       ,           ,       ,        ,           ,           ,          ,          ,             , 
kripke.exe, "--niter10--pmethodsweep--groups32--legendre3--procs4,4,2", 32   , 1.0    , 1.8848 ,       ,       ,       ,           , 0.4017, 0.521  ,           ,           ,          ,          ,             , 
kripke.exe, --niter10--pmethodsweep--groups32--legendre4              , 1    , 1.0    , 2.0598 , 2.4138,       ,       ,           ,       ,        ,           ,           ,          ,          ,             , 0.1543
kripke.exe, "--niter10--pmethodsweep--groups32--legendre4--procs4,4,2", 32   , 1.0    , 1.3593 ,       ,       ,       ,           , 0.4087, 0.4631 ,           ,           ,          ,          ,             , 
kripke.exe, --niter10--pmethodsweep--groups8--legendre0               , 1    , 1.0    , 1.8813 , 0.2384,       ,       ,           ,       ,        ,           ,           ,          ,          ,             , 
kripke.exe, "--niter10--pmethodsweep--groups8--legendre0--procs4,4,2" , 32   , 1.0    , 1.649  ,       ,       ,       ,           ,       ,        ,           ,           ,          ,          ,             , 
kripke.exe, --niter10--pmethodsweep--groups8--legendre1               , 1    , 1.0    , 2.0763 , 0.3032,       ,       ,           ,       ,        ,           ,           ,          ,          ,             , 
kripke.exe, "--niter10--pmethodsweep--groups8--legendre1--procs4,4,2" , 32   , 1.0    , 1.6079 ,       ,       ,       ,           , 0.1024,        ,           ,           ,          ,          ,             , 
kripke.exe, --niter10--pmethodsweep--groups8--legendre2               , 1    , 1.0    , 2.1172 , 0.3972,       ,       ,           ,       ,        ,           ,           ,          ,          ,             , 
kripke.exe, "--niter10--pmethodsweep--groups8--legendre2--procs4,4,2" , 32   , 1.0    , 1.6947 ,       ,       ,       ,           , 0.1185,        ,           ,           ,          ,          ,             , 
kripke.exe, --niter10--pmethodsweep--groups8--legendre3               , 1    , 1.0    , 2.121  , 0.6046,       ,       ,           ,       ,        ,           ,           ,          ,          ,             , 
kripke.exe, "--niter10--pmethodsweep--groups8--legendre3--procs4,4,2" , 32   , 1.0    , 1.5821 ,       ,       ,       ,           , 0.1365, 0.1079 ,           ,           ,          ,          ,             , 
kripke.exe, --niter10--pmethodsweep--groups8--legendre4               , 1    , 1.0    , 2.2308 , 0.7445,       ,       ,           ,       ,        ,           ,           ,          ,          ,             , 
kripke.exe, "--niter10--pmethodsweep--groups8--legendre4--procs4,4,2" , 32   , 1.0    , 1.4258 ,       ,       ,       ,           , 0.1615, 0.131  ,           ,           ,          ,          ,             , 
kripke.exe, --niter15--pmethodbj--groups16--legendre0                 , 1    , 1.0    , 2.2489 , 0.3889,       ,       ,           ,       ,        ,           ,           ,          ,          ,             , 
kripke.exe, "--niter15--pmethodbj--groups16--legendre0--procs4,4,2"   , 32   , 1.0    , 1.4226 ,       ,       ,       ,           , 0.1387, 0.1525 ,           ,           ,          ,          ,             , 
kripke.exe, --niter15--pmethodbj--groups16--legendre1                 , 1    , 1.0    , 2.0667 , 0.5146,       ,       ,           ,       ,        ,           ,           ,          ,          ,             , 
kripke.exe, "--niter15--pmethodbj--groups16--legendre1--procs4,4,2"   , 32   , 1.0    , 1.4176 ,       ,       ,       ,           , 0.1509, 0.1783 ,           ,           ,          ,          ,             , 
kripke.exe, --niter15--pmethodbj--groups16--legendre2                 , 1    , 1.0    , 2.1393 , 0.6855,       ,       ,           ,       ,        ,           ,           ,          ,          ,             , 
kripke.exe, "--niter15--pmethodbj--groups16--legendre2--procs4,4,2"   , 32   , 1.0    , 1.4174 ,       ,       ,       ,           , 0.175 , 0.2201 ,           ,           ,          ,          ,             , 
kripke.exe, --niter15--pmethodbj--groups16--legendre3                 , 1    , 1.0    , 2.1823 , 0.924 ,       ,       ,           ,       ,        ,           ,           ,          ,          ,             , 
kripke.exe, "--niter15--pmethodbj--groups16--legendre3--procs4,4,2"   , 32   , 1.0    , 1.4142 ,       ,       ,       ,           , 0.1819, 0.2694 ,           ,           ,          ,          ,             , 
kripke.exe, --niter15--pmethodbj--groups16--legendre4                 , 1    , 1.0    , 2.1159 , 1.3639,       ,       ,           ,       ,        ,           ,           ,          ,          ,             , 
kripke.exe, "--niter15--pmethodbj--groups16--legendre4--procs4,4,2"   , 32   , 1.0    , 1.4738 ,       ,       ,       ,           , 0.2074, 0.3452 ,           ,           ,          ,          ,             , 
kripke.exe, --niter15--pmethodbj--groups32--legendre0                 , 1    , 1.0    , 2.1523 , 0.569 ,       ,       ,           ,       ,        ,           ,           ,          ,          ,             , 
kripke.exe, "--niter15--pmethodbj--groups32--legendre0--procs4,4,2"   , 32   , 1.0    , 1.3153 ,       ,       ,       ,           , 0.2568, 0.2816 ,           ,           ,          ,          ,             , 
kripke.exe, --niter15--pmethodbj--groups32--legendre1                 , 1    , 1.0    , 2.1249 , 0.7516,       ,       ,           ,       ,        ,           ,           ,          ,          ,             , 
kripke.exe, "--niter15--pmethodbj--groups32--legendre1--procs4,4,2"   , 32   , 1.0    , 1.3542 ,       ,       ,       ,           , 0.2819, 0.3368 ,           ,           ,          ,          ,             , 
kripke.exe, --niter15--pmethodbj--groups32--legendre2                 , 1    , 1.0    , 2.0867 , 1.0668,       ,       ,           ,       ,        ,           ,           ,          ,          ,             , 0.1158
kripke.exe, "--niter15--pmethodbj--groups32--legendre2--procs4,4,2"   , 32   , 1.0    , 1.3896 ,       ,       ,       ,           , 0.3347, 0.4173 ,           ,           ,          ,          ,             , 
kripke.exe, --niter15--pmethodbj--groups32--legendre3                 , 1    , 1.0    , 1.9994 , 1.4356,       ,       ,           ,       ,        ,           ,           ,          ,          ,             , 0.137
kripke.exe, "--niter15--pmethodbj--groups32--legendre3--procs4,4,2"   , 32   , 1.0    , 1.4018 ,       ,       ,       ,           , 0.3994, 0.5416 ,           ,           ,          ,          ,             , 
kripke.exe, --niter15--pmethodbj--groups32--legendre4                 , 1    , 1.0    , 2.0079 , 1.93  ,       ,       , 0.103     ,       ,        ,           ,           ,          ,          ,             , 0.1359
kripke.exe, "--niter15--pmethodbj--groups32--legendre4--procs4,4,2"   , 32   , 1.0    , 1.3024 ,       ,       ,       ,           , 0.409 , 0.6488 ,           ,           ,          ,          ,             , 
kripke.exe, --niter15--pmethodbj--groups8--legendre0                  , 1    , 1.0    , 2.3076 , 0.305 ,       ,       ,           ,       ,        ,           ,           ,          ,          ,             , 
kripke.exe, "--niter15--pmethodbj--groups8--legendre0--procs4,4,2"    , 32   , 1.0    , 1.627  ,       ,       ,       ,           ,       ,        ,           ,           ,          ,          ,             , 
kripke.exe, --niter15--pmethodbj--groups8--legendre1                  , 1    , 1.0    , 1.9928 , 0.3643,       ,       ,           ,       ,        ,           ,           ,          ,          ,             , 
kripke.exe, "--niter15--pmethodbj--groups8--legendre1--procs4,4,2"    , 32   , 1.0    , 1.4395 ,       ,       ,       ,           ,       ,        ,           ,           ,          ,          ,             , 
kripke.exe, --niter15--pmethodbj--groups8--legendre2                  , 1    , 1.0    , 2.3303 , 0.4939,       ,       ,           ,       ,        ,           ,           ,          ,          ,             , 
kripke.exe, "--niter15--pmethodbj--groups8--legendre2--procs4,4,2"    , 32   , 1.0    , 1.4468 ,       ,       ,       ,           , 0.1016, 0.1176 ,           ,           ,          ,          ,             , 
kripke.exe, --niter15--pmethodbj--groups8--legendre3                  , 1    , 1.0    , 2.2775 , 0.5863,       ,       ,           ,       ,        ,           ,           ,          ,          ,             , 
kripke.exe, "--niter15--pmethodbj--groups8--legendre3--procs4,4,2"    , 32   , 1.0    , 1.4388 ,       ,       ,       ,           , 0.1178, 0.1513 ,           ,           ,          ,          ,             , 
kripke.exe, --niter15--pmethodbj--groups8--legendre4                  , 1    , 1.0    , 2.061  , 0.6624,       ,       ,           ,       ,        ,           ,           ,          ,          ,             , 
kripke.exe, "--niter15--pmethodbj--groups8--legendre4--procs4,4,2"    , 32   , 1.0    , 1.5085 ,       ,       ,       ,           , 0.1306, 0.2015 ,           ,           ,          ,          ,             , 
kripke.exe, --niter15--pmethodsweep--groups16--legendre0              , 1    , 1.0    , 2.2856 , 0.4983,       ,       ,           ,       ,        ,           ,           ,          ,          ,             , 
kripke.exe, "--niter15--pmethodsweep--groups16--legendre0--procs4,4,2", 32   , 1.0    , 1.6129 ,       ,       ,       ,           , 0.1941, 0.1668 ,           ,           ,          ,          ,             , 
kripke.exe, --niter15--pmethodsweep--groups16--legendre1              , 1    , 1.0    , 2.0639 , 0.672 ,       ,       ,           ,       ,        ,           ,           ,          ,          ,             , 
kripke.exe, "--niter15--pmethodsweep--groups16--legendre1--procs4,4,2", 32   , 1.0    , 1.5233 ,       ,       ,       ,           , 0.2119, 0.1811 ,           ,           ,          ,          ,             , 
kripke.exe, --niter15--pmethodsweep--groups16--legendre2              , 1    , 1.0    , 2.1439 , 0.9292,       ,       ,           ,       ,        ,           ,           ,          ,          ,             , 
kripke.exe, "--niter15--pmethodsweep--groups16--legendre2--procs4,4,2", 32   , 1.0    , 1.4564 ,       ,       ,       ,           , 0.2581, 0.2276 ,           ,           ,          ,          ,             , 
kripke.exe, --niter15--pmethodsweep--groups16--legendre3              , 1    , 1.0    , 2.1731 , 1.355 ,       ,       ,           ,       ,        ,           ,           ,          ,          ,             , 
kripke.exe, "--niter15--pmethodsweep--groups16--legendre3--procs4,4,2", 32   , 1.0    , 1.3533 ,       ,       ,       ,           , 0.3203, 0.2765 ,           ,           ,          ,          ,             , 
kripke.exe, --niter15--pmethodsweep--groups16--legendre4              , 1    , 1.0    , 2.1181 , 2.1528,       ,       ,           ,       ,        ,           ,           ,          ,          ,             , 
kripke.exe, "--niter15--pmethodsweep--groups16--legendre4--procs4,4,2", 32   , 1.0    , 1.4766 ,       ,       ,       ,           , 0.3546, 0.3555 ,           ,           ,          ,          ,             , 
kripke.exe, --niter15--pmethodsweep--groups32--legendre0              , 1    , 1.0    , 2.2603 , 0.8889,       ,       ,           ,       ,        ,           ,           ,          ,          ,             , 
kripke.exe, "--niter15--pmethodsweep--groups32--legendre0--procs4,4,2", 32   , 1.0    , 1.4356 ,       ,       ,       ,           , 0.217 , 0.2495 ,           ,           ,          ,          ,             , 
kripke.exe, --niter15--pmethodsweep--groups32--legendre1              , 1    , 1.0    , 2.1091 , 1.1204,       ,       ,           ,       ,        ,           ,           ,          ,          ,             , 
kripke.exe, "--niter15--pmethodsweep--groups32--legendre1--procs4,4,2", 32   , 1.0    , 1.4134 ,       ,       ,       ,           , 0.3671, 0.3179 ,           ,           ,          ,          ,             , 
kripke.exe, --niter15--pmethodsweep--groups32--legendre2              , 1    , 1.0    , 2.1599 , 1.5342,       ,       ,           ,       ,        ,           ,           ,          ,          ,             , 
kripke.exe, "--niter15--pmethodsweep--groups32--legendre2--procs4,4,2", 32   , 1.0    , 1.4251 ,       ,       ,       ,           , 0.4622, 0.4034 ,           ,           ,          ,          ,             , 
kripke.exe, --niter15--pmethodsweep--groups32--legendre3              , 1    , 1.0    , 2.0845 , 1.9464,       ,       ,           ,       ,        ,           ,           ,          ,          ,             , 0.1621
kripke.exe, "--niter15--pmethodsweep--groups32--legendre3--procs4,4,2", 32   , 1.0    , 1.3511 ,       ,       ,       ,           , 0.5946, 0.5117 ,           ,           ,          ,          ,             , 
kripke.exe, --niter15--pmethodsweep--groups32--legendre4              , 1    , 1.0    , 2.0516 , 3.1976,       ,       , 0.1152    ,       ,        ,           ,           ,          ,          ,             , 0.2293
kripke.exe, "--niter15--pmethodsweep--groups32--legendre4--procs4,4,2", 32   , 1.0    , 1.3905 ,       ,       ,       ,           , 0.7799, 0.6681 ,           ,           ,          ,          ,             , 
kripke.exe, --niter15--pmethodsweep--groups8--legendre0               , 1    , 1.0    , 2.444  , 0.2744,       ,       ,           ,       ,        ,           ,           ,          ,          ,             , 
kripke.exe, "--niter15--pmethodsweep--groups8--legendre0--procs4,4,2" , 32   , 1.0    , 1.4581 ,       ,       ,       ,           , 0.109 ,        ,           ,           ,          ,          ,             , 
kripke.exe, --niter15--pmethodsweep--groups8--legendre1               , 1    , 1.0    , 2.1651 , 0.4271,       ,       ,           ,       ,        ,           ,           ,          ,          ,             , 
kripke.exe, "--niter15--pmethodsweep--groups8--legendre1--procs4,4,2" , 32   , 1.0    , 1.5382 ,       ,       ,       ,           , 0.1227, 0.1111 ,           ,           ,          ,          ,             , 
kripke.exe, --niter15--pmethodsweep--groups8--legendre2               , 1    , 1.0    , 2.1903 , 0.6549,       ,       ,           ,       ,        ,           ,           ,          ,          ,             , 
kripke.exe, "--niter15--pmethodsweep--groups8--legendre2--procs4,4,2" , 32   , 1.0    , 1.4768 ,       ,       ,       ,           , 0.1492, 0.1333 ,           ,           ,          ,          ,             , 
kripke.exe, --niter15--pmethodsweep--groups8--legendre3               , 1    , 1.0    , 2.0496 , 0.7084,       ,       ,           ,       ,        ,           ,           ,          ,          ,             , 
kripke.exe, "--niter15--pmethodsweep--groups8--legendre3--procs4,4,2" , 32   , 1.0    , 1.3964 ,       ,       ,       ,           , 0.1749, 0.1522 ,           ,           ,          ,          ,             , 
kripke.exe, --niter15--pmethodsweep--groups8--legendre4               , 1    , 1.0    , 2.0713 , 0.922 ,       ,       ,           ,       ,        ,           ,           ,          ,          ,             , 
kripke.exe, "--niter15--pmethodsweep--groups8--legendre4--procs4,4,2" , 32   , 1.0    , 1.4225 ,       ,       ,       ,           , 0.222 , 0.1746 ,           ,           ,          ,          ,             , 
kripke.exe, --niter40--pmethodsweep--groups16--legendre0              , 1    , 1.0    , 2.35   , 0.7676,       ,       ,           ,       ,        ,           ,           ,          ,          ,             , 
kripke.exe, "--niter40--pmethodsweep--groups16--legendre0--procs4,4,2", 32   , 1.0    , 1.6193 ,       ,       ,       ,           , 0.3609, 0.3205 ,           ,           ,          ,          ,             , 
kripke.exe, --niter40--pmethodsweep--groups16--legendre1              , 1    , 1.0    , 1.0862 , 1.0664,       ,       ,           ,       ,        ,           ,           ,          ,          ,             , 
kripke.exe, "--niter40--pmethodsweep--groups16--legendre1--procs4,4,2", 32   , 1.0    , 1.5966 ,       ,       ,       ,           , 0.4505, 0.3968 ,           ,           ,          ,          ,             , 
kripke.exe, --niter40--pmethodsweep--groups16--legendre2              , 1    , 1.0    , 2.1465 , 1.3825,       ,       ,           ,       ,        ,           ,           ,          ,          ,             , 0.1181
kripke.exe, "--niter40--pmethodsweep--groups16--legendre2--procs4,4,2", 32   , 1.0    , 1.7392 ,       ,       ,       ,           , 0.6484, 0.5465 ,           ,           ,          ,          ,             , 
kripke.exe, --niter40--pmethodsweep--groups16--legendre3              , 1    , 1.0    , 2.1346 , 1.7191,       ,       ,           ,       ,        ,           ,           ,          ,          ,             , 0.1477
kripke.exe, "--niter40--pmethodsweep--groups16--legendre3--procs4,4,2", 32   , 1.0    , 1.4902 ,       ,       ,       ,           , 0.6982, 0.5988 ,           ,           ,          ,          ,             , 
kripke.exe, --niter40--pmethodsweep--groups16--legendre4              , 1    , 1.0    , 2.1314 , 2.0529,       ,       ,           ,       ,        ,           ,           ,          ,          ,             , 0.2513
kripke.exe, "--niter40--pmethodsweep--groups16--legendre4--procs4,4,2", 32   , 1.0    , 2.3282 ,       ,       ,       ,           , 1.4118, 1.1244 ,           ,           ,          ,          ,             , 
kripke.exe, --niter40--pmethodsweep--groups32--legendre0              , 1    , 1.0    , 2.2197 , 1.0865,       ,       ,           ,       ,        ,           ,           ,          ,          ,             , 0.138
kripke.exe, "--niter40--pmethodsweep--groups32--legendre0--procs4,4,2", 32   , 1.0    , 1.3956 ,       ,       ,       ,           , 0.5475, 0.5063 ,           ,           ,          ,          ,             , 
kripke.exe, --niter40--pmethodsweep--groups32--legendre1              , 1    , 1.0    , 2.097  , 1.3522,       ,       ,           ,       ,        ,           ,           ,          ,          ,             , 0.177
kripke.exe, "--niter40--pmethodsweep--groups32--legendre1--procs4,4,2", 32   , 1.0    , 1.4199 ,       ,       ,       ,           , 0.6971, 0.5804 ,           ,           ,          ,          ,             , 
kripke.exe, --niter40--pmethodsweep--groups32--legendre2              , 1    , 1.0    , 2.098  , 2.006 ,       ,       ,           ,       ,        ,           ,           ,          ,          ,             , 0.2845
kripke.exe, "--niter40--pmethodsweep--groups32--legendre2--procs4,4,2", 32   , 1.0    , 1.4195 ,       ,       ,       ,           , 0.9211, 0.7996 ,           ,           ,          ,          ,             , 
kripke.exe, --niter40--pmethodsweep--groups32--legendre3              , 1    , 1.0    , 2.0657 , 2.7876,       ,       , 0.1213    ,       ,        ,           , 0.1109    ,          ,          ,             , 0.318
kripke.exe, "--niter40--pmethodsweep--groups32--legendre3--procs4,4,2", 32   , 1.0    , 1.371  ,       ,       ,       ,           , 1.1483, 0.9644 ,           ,           ,          ,          ,             , 
kripke.exe, --niter40--pmethodsweep--groups32--legendre4              , 1    , 1.0    , 1.9929 , 3.8013,       ,       , 0.1484    ,       ,        ,           , 0.1488    ,          ,          ,             , 0.5171
kripke.exe, "--niter40--pmethodsweep--groups32--legendre4--procs4,4,2", 32   , 1.0    , 1.365  ,       ,       ,       ,           , 1.4321, 1.1682 ,           ,           ,          ,          ,             , 
kripke.exe, --niter40--pmethodsweep--groups8--legendre0               , 1    , 1.0    , 2.2272 , 0.4621,       ,       ,           ,       ,        ,           ,           ,          ,          ,             , 
kripke.exe, "--niter40--pmethodsweep--groups8--legendre0--procs4,4,2" , 32   , 1.0    , 1.6212 ,       ,       ,       ,           , 0.2218, 0.1843 ,           ,           ,          ,          ,             , 
kripke.exe, --niter40--pmethodsweep--groups8--legendre1               , 1    , 1.0    , 2.1473 , 0.5749,       ,       ,           ,       ,        ,           ,           ,          ,          ,             , 
kripke.exe, "--niter40--pmethodsweep--groups8--legendre1--procs4,4,2" , 32   , 1.0    , 1.5003 ,       ,       ,       ,           , 0.2533, 0.2096 ,           ,           ,          ,          ,             , 
kripke.exe, --niter40--pmethodsweep--groups8--legendre2               , 1    , 1.0    , 2.1401 , 0.6869,       ,       ,           ,       ,        ,           ,           ,          ,          ,             , 
kripke.exe, "--niter40--pmethodsweep--groups8--legendre2--procs4,4,2" , 32   , 1.0    , 1.4871 ,       ,       ,       ,           , 0.3027, 0.2558 ,           ,           ,          ,          ,             , 
kripke.exe, --niter40--pmethodsweep--groups8--legendre3               , 1    , 1.0    , 2.1806 , 1.0026,       ,       ,           ,       ,        ,           ,           ,          ,          ,             , 
kripke.exe, "--niter40--pmethodsweep--groups8--legendre3--procs4,4,2" , 32   , 1.0    , 1.4766 ,       ,       ,       ,           , 0.3866, 0.3068 ,           ,           ,          ,          ,             , 
kripke.exe, --niter40--pmethodsweep--groups8--legendre4               , 1    , 1.0    , 2.1545 , 1.2723,       ,       ,           ,       ,        ,           ,           ,          ,          ,             , 0.1032
kripke.exe, "--niter40--pmethodsweep--groups8--legendre4--procs4,4,2" , 32   , 1.0    , 1.4531 ,       ,       ,       ,           , 0.4669, 0.4168 ,           ,           ,          ,          ,             , 
kripke.exe, --niter5--pmethodbj--groups16--legendre0                  , 1    , 1.0    , 2.2794 , 0.3242,       ,       ,           ,       ,        ,           ,           ,          ,          ,             , 
kripke.exe, "--niter5--pmethodbj--groups16--legendre0--procs4,4,2"    , 32   , 1.0    , 1.5259 ,       ,       ,       ,           ,       ,        ,           ,           ,          ,          ,             , 
kripke.exe, --niter5--pmethodbj--groups16--legendre1                  , 1    , 1.0    , 3.9592 , 0.6156,       ,       ,           ,       ,        ,           ,           ,          ,          ,             , 
kripke.exe, "--niter5--pmethodbj--groups16--legendre1--procs4,4,2"    , 32   , 1.0    , 1.4681 ,       ,       ,       ,           ,       ,        ,           ,           ,          ,          ,             , 
kripke.exe, --niter5--pmethodbj--groups16--legendre2                  , 1    , 1.0    , 2.1222 , 0.4609,       ,       ,           ,       ,        ,           ,           ,          ,          ,             , 
kripke.exe, "--niter5--pmethodbj--groups16--legendre2--procs4,4,2"    , 32   , 1.0    , 1.4075 ,       ,       ,       ,           ,       , 0.1065 ,           ,           ,          ,          ,             , 
kripke.exe, --niter5--pmethodbj--groups16--legendre3                  , 1    , 1.0    , 2.0964 , 0.5566,       ,       ,           ,       ,        ,           ,           ,          ,          ,             , 
kripke.exe, "--niter5--pmethodbj--groups16--legendre3--procs4,4,2"    , 32   , 1.0    , 1.4547 ,       ,       ,       ,           , 0.1276, 0.1268 ,           ,           ,          ,          ,             , 
kripke.exe, --niter5--pmethodbj--groups16--legendre4                  , 1    , 1.0    , 2.1381 , 0.9524,       ,       ,           ,       ,        ,           ,           ,          ,          ,             , 
kripke.exe, "--niter5--pmethodbj--groups16--legendre4--procs4,4,2"    , 32   , 1.0    , 1.5133 ,       ,       ,       ,           , 0.1576, 0.1607 ,           ,           ,          ,          ,             , 
kripke.exe, --niter5--pmethodbj--groups32--legendre0                  , 1    , 1.0    , 2.1469 , 0.3884,       ,       ,           ,       ,        ,           ,           ,          ,          ,             , 
kripke.exe, "--niter5--pmethodbj--groups32--legendre0--procs4,4,2"    , 32   , 1.0    , 1.4212 ,       ,       ,       ,           , 0.1365, 0.13   ,           ,           ,          ,          ,             , 
kripke.exe, --niter5--pmethodbj--groups32--legendre1                  , 1    , 1.0    , 2.1204 , 0.5603,       ,       ,           ,       ,        ,           ,           ,          ,          ,             , 
kripke.exe, "--niter5--pmethodbj--groups32--legendre1--procs4,4,2"    , 32   , 1.0    , 1.3967 ,       ,       ,       ,           , 0.1633, 0.1517 ,           ,           ,          ,          ,             , 
kripke.exe, --niter5--pmethodbj--groups32--legendre2                  , 1    , 1.0    , 2.084  , 0.8468,       ,       ,           ,       ,        ,           ,           ,          ,          ,             , 
kripke.exe, "--niter5--pmethodbj--groups32--legendre2--procs4,4,2"    , 32   , 1.0    , 1.3591 ,       ,       ,       ,           , 0.1922, 0.1692 ,           ,           ,          ,          ,             , 
kripke.exe, --niter5--pmethodbj--groups32--legendre3                  , 1    , 1.0    , 2.06   , 0.9904,       ,       ,           ,       ,        ,           ,           ,          ,          ,             , 
kripke.exe, "--niter5--pmethodbj--groups32--legendre3--procs4,4,2"    , 32   , 1.0    , 1.4088 ,       ,       ,       ,           , 0.2413, 0.2422 ,           ,           ,          ,          ,             , 
kripke.exe, --niter5--pmethodbj--groups32--legendre4                  , 1    , 1.0    , 2.0206 , 1.346 ,       ,       ,           ,       ,        ,           ,           ,          ,          ,             , 
kripke.exe, "--niter5--pmethodbj--groups32--legendre4--procs4,4,2"    , 32   , 1.0    , 1.3829 ,       ,       ,       ,           , 0.2958, 0.296  ,           ,           ,          ,          ,             , 
kripke.exe, --niter5--pmethodbj--groups8--legendre0                   , 1    , 1.0    , 2.0482 , 0.1862,       ,       ,           ,       ,        ,           ,           ,          ,          ,             , 
kripke.exe, "--niter5--pmethodbj--groups8--legendre0--procs4,4,2"     , 32   , 1.0    , 1.4959 ,       ,       ,       ,           ,       ,        ,           ,           ,          ,          ,             , 
kripke.exe, --niter5--pmethodbj--groups8--legendre1                   , 1    , 1.0    , 2.0665 , 0.1992,       ,       ,           ,       ,        ,           ,           ,          ,          ,             , 
kripke.exe, "--niter5--pmethodbj--groups8--legendre1--procs4,4,2"     , 32   , 1.0    , 1.6192 ,       ,       ,       ,           ,       ,        ,           ,           ,          ,          ,             , 
kripke.exe, --niter5--pmethodbj--groups8--legendre2                   , 1    , 1.0    , 1.9538 , 0.332 ,       ,       ,           ,       ,        ,           ,           ,          ,          ,             , 
kripke.exe, "--niter5--pmethodbj--groups8--legendre2--procs4,4,2"     , 32   , 1.0    , 1.3748 ,       ,       ,       ,           ,       ,        ,           ,           ,          ,          ,             , 
kripke.exe, --niter5--pmethodbj--groups8--legendre3                   , 1    , 1.0    , 1.8781 , 0.2975,       ,       ,           ,       ,        ,           ,           ,          ,          ,             , 
kripke.exe, "--niter5--pmethodbj--groups8--legendre3--procs4,4,2"     , 32   , 1.0    , 1.5984 ,       ,       ,       ,           ,       ,        ,           ,           ,          ,          ,             , 
kripke.exe, --niter5--pmethodbj--groups8--legendre4                   , 1    , 1.0    , 2.0761 , 0.4021,       ,       ,           ,       ,        ,           ,           ,          ,          ,             , 
kripke.exe, "--niter5--pmethodbj--groups8--legendre4--procs4,4,2"     , 32   , 1.0    , 1.4937 ,       ,       ,       ,           ,       ,        ,           ,           ,          ,          ,             , 
kripke.exe, --niter5--pmethodsweep--groups16--legendre0               , 1    , 1.0    , 2.1877 , 0.2881,       ,       ,           ,       ,        ,           ,           ,          ,          ,             , 
kripke.exe, "--niter5--pmethodsweep--groups16--legendre0--procs4,4,2" , 32   , 1.0    , 1.717  ,       ,       ,       ,           ,       ,        ,           ,           ,          ,          ,             , 
kripke.exe, --niter5--pmethodsweep--groups16--legendre1               , 1    , 1.0    , 2.0871 , 0.4778,       ,       ,           ,       ,        ,           ,           ,          ,          ,             , 
kripke.exe, "--niter5--pmethodsweep--groups16--legendre1--procs4,4,2" , 32   , 1.0    , 1.5389 ,       ,       ,       ,           , 0.1   ,        ,           ,           ,          ,          ,             , 
kripke.exe, --niter5--pmethodsweep--groups16--legendre2               , 1    , 1.0    , 2.0708 , 0.5911,       ,       ,           ,       ,        ,           ,           ,          ,          ,             , 
kripke.exe, "--niter5--pmethodsweep--groups16--legendre2--procs4,4,2" , 32   , 1.0    , 1.3853 ,       ,       ,       ,           , 0.1107,        ,           ,           ,          ,          ,             , 
kripke.exe, --niter5--pmethodsweep--groups16--legendre3               , 1    , 1.0    , 2.1589 , 0.7899,       ,       ,           ,       ,        ,           ,           ,          ,          ,             , 
kripke.exe, "--niter5--pmethodsweep--groups16--legendre3--procs4,4,2" , 32   , 1.0    , 1.4681 ,       ,       ,       ,           , 0.1421, 0.1283 ,           ,           ,          ,          ,             , 
kripke.exe, --niter5--pmethodsweep--groups16--legendre4               , 1    , 1.0    , 2.1062 , 1.033 ,       ,       ,           ,       ,        ,           ,           ,          ,          ,             , 
kripke.exe, "--niter5--pmethodsweep--groups16--legendre4--procs4,4,2" , 32   , 1.0    , 1.4269 ,       ,       ,       ,           , 0.1738, 0.1504 ,           ,           ,          ,          ,             , 
kripke.exe, --niter5--pmethodsweep--groups32--legendre0               , 1    , 1.0    , 2.1744 , 0.5621,       ,       ,           ,       ,        ,           ,           ,          ,          ,             , 
kripke.exe, "--niter5--pmethodsweep--groups32--legendre0--procs4,4,2" , 32   , 1.0    , 3.1404 ,       ,       ,       ,           , 0.2854, 0.2512 ,           ,           ,          ,          ,             , 
kripke.exe, --niter5--pmethodsweep--groups32--legendre1               , 1    , 1.0    , 2.1574 , 0.7055,       ,       ,           ,       ,        ,           ,           ,          ,          ,             , 
kripke.exe, "--niter5--pmethodsweep--groups32--legendre1--procs4,4,2" , 32   , 1.0    , 1.4197 ,       ,       ,       ,           , 0.1488, 0.1363 ,           ,           ,          ,          ,             , 
kripke.exe, --niter5--pmethodsweep--groups32--legendre2               , 1    , 1.0    , 2.1095 , 1.1543,       ,       ,           ,       ,        ,           ,           ,          ,          ,             , 
kripke.exe, "--niter5--pmethodsweep--groups32--legendre2--procs4,4,2" , 32   , 1.0    , 2.5455 ,       ,       ,       ,           , 0.3668, 0.3139 ,           ,           ,          ,          ,             , 
kripke.exe, --niter5--pmethodsweep--groups32--legendre3               , 1    , 1.0    , 4.2521 , 2.5605,       ,       , 0.1004    ,       ,        ,           ,           ,          ,          ,             , 0.1431
kripke.exe, "--niter5--pmethodsweep--groups32--legendre3--procs4,4,2" , 32   , 1.0    , 1.8109 ,       ,       ,       ,           , 0.3161, 0.2681 ,           ,           ,          ,          ,             , 
kripke.exe, --niter5--pmethodsweep--groups32--legendre4               , 1    , 1.0    , 2.0542 , 1.734 ,       ,       ,           ,       ,        ,           ,           ,          ,          ,             , 
kripke.exe, "--niter5--pmethodsweep--groups32--legendre4--procs4,4,2" , 32   , 1.0    , 2.2847 ,       ,       ,       ,           , 0.5542, 0.4869 ,           ,           ,          ,          ,             , 
kripke.exe, --niter5--pmethodsweep--groups8--legendre0                , 1    , 1.0    , 2.225  , 0.2027,       ,       ,           ,       ,        ,           ,           ,          ,          ,             , 
kripke.exe, "--niter5--pmethodsweep--groups8--legendre0--procs4,4,2"  , 32   , 1.0    , 1.462  ,       ,       ,       ,           ,       ,        ,           ,           ,          ,          ,             , 
kripke.exe, --niter5--pmethodsweep--groups8--legendre1                , 1    , 1.0    , 2.1789 , 0.2137,       ,       ,           ,       ,        ,           ,           ,          ,          ,             , 
kripke.exe, "--niter5--pmethodsweep--groups8--legendre1--procs4,4,2"  , 32   , 1.0    , 1.5265 ,       ,       ,       ,           ,       ,        ,           ,           ,          ,          ,             , 
kripke.exe, --niter5--pmethodsweep--groups8--legendre2                , 1    , 1.0    , 2.1274 , 0.3195,       ,       ,           ,       ,        ,           ,           ,          ,          ,             , 
kripke.exe, "--niter5--pmethodsweep--groups8--legendre2--procs4,4,2"  , 32   , 1.0    , 1.6238 ,       ,       ,       ,           ,       ,        ,           ,           ,          ,          ,             , 
kripke.exe, --niter5--pmethodsweep--groups8--legendre3                , 1    , 1.0    , 2.1443 , 0.3793,       ,       ,           ,       ,        ,           ,           ,          ,          ,             , 
kripke.exe, "--niter5--pmethodsweep--groups8--legendre3--procs4,4,2"  , 32   , 1.0    , 1.5567 ,       ,       ,       ,           ,       ,        ,           ,           ,          ,          ,             , 
kripke.exe, --niter5--pmethodsweep--groups8--legendre4                , 1    , 1.0    , 2.0978 , 0.6624,       ,       ,           ,       ,        ,           ,           ,          ,          ,             , 
kripke.exe, "--niter5--pmethodsweep--groups8--legendre4--procs4,4,2"  , 32   , 1.0    , 1.5355 ,       ,       ,       ,           , 0.1002,        ,           ,           ,          ,          ,             , 
laghos    , -p1-dim2-rs2-tf3                                          , 1    , 1.0    , 1.3334 ,       , 0.8882, 0.5949,           , 1.6473, 0.924  , 0.859     , 0.2558    , 0.5448   , 0.1365   , 0.622       , 
laghos    , -p1-dim2-rs2-tf3-pa                                       , 1    , 1.0    , 1.3354 ,       , 0.8884, 0.6004, 0.2426    , 1.6535, 0.9362 , 0.8499    , 0.2579    , 0.5475   , 0.1376   , 0.6572      , 
laghos    , -p1-dim2-rs2-tf3.1                                        , 1    , 1.0    , 1.334  ,       , 0.8788, 0.5838, 0.2406    , 1.6567, 0.9197 , 0.8715    , 0.2568    , 0.5349   , 0.1361   , 0.658       , 
laghos    , -p1-dim2-rs2-tf3.1-pa                                     , 1    , 1.0    , 1.3231 ,       , 0.881 , 0.5921, 0.2412    , 1.6   , 0.9279 , 0.8636    , 0.261     , 0.5499   , 0.1359   , 0.6513      , 
laghos    , -p1-dim2-rs2-tf3.2                                        , 1    , 1.0    , 1.3646 ,       , 0.9226, 0.6134, 0.2498    , 1.7061, 0.9617 , 0.9134    , 0.2652    , 0.5802   , 0.1422   , 0.692       , 
laghos    , -p1-dim2-rs2-tf3.2-pa                                     , 1    , 1.0    , 1.4349 ,       , 0.9566, 0.6415, 0.2588    , 1.7782, 0.984  , 0.9343    , 0.2764    , 0.6021   , 0.1479   , 0.7359      , 
laghos    , -p1-dim2-rs2-tf3.3                                        , 1    , 1.0    , 1.3272 ,       , 0.8857, 0.5982, 0.2426    , 1.6447, 0.9331 , 0.8787    , 0.2585    , 0.568    , 0.139    , 0.7009      , 
laghos    , -p1-dim2-rs2-tf3.3-pa                                     , 1    , 1.0    , 1.4065 ,       , 0.9329, 0.6301, 0.2565    , 1.7216, 0.9793 , 0.9385    , 0.2719    , 0.5971   , 0.1448   , 0.7339      , 
laghos    , -p1-dim2-rs2-tf3.4                                        , 1    , 1.0    , 1.3244 ,       , 0.8865, 0.5958,           , 1.6586, 0.9206 , 0.8976    , 0.2577    , 0.5746   , 0.138    , 0.7145      , 
laghos    , -p1-dim2-rs2-tf3.4-pa                                     , 1    , 1.0    , 1.3637 ,       , 0.9127, 0.6114, 0.2075    , 1.6801, 0.9558 , 0.9038    , 0.2716    , 0.591    , 0.1406   , 0.6828      , 
laghos    , -p1-dim2-rs2-tf3.5                                        , 1    , 1.0    , 1.3207 ,       , 0.8867, 0.5934, 0.242     , 1.6508, 0.9136 , 0.8828    , 0.2584    , 0.5765   , 0.1378   , 0.7162      , 
laghos    , -p1-dim2-rs2-tf3.5-pa                                     , 1    , 1.0    , 1.3905 ,       , 0.9205, 0.6257, 0.2527    , 1.7345, 0.9777 , 0.9293    , 0.2706    , 0.6092   , 0.1449   , 0.7357      , 
laghos    , -p1-dim2-rs2-tf3.6                                        , 1    , 1.0    , 1.3182 ,       , 0.8857, 0.5909, 0.2415    , 1.6492, 0.9283 , 0.902     , 0.258     , 0.5858   , 0.1383   , 0.6998      , 
laghos    , -p1-dim2-rs2-tf3.6-pa                                     , 1    , 1.0    , 1.3529 ,       , 0.8946, 0.6068, 0.246     , 1.6871, 0.936  , 0.8817    , 0.2624    , 0.5997   , 0.1415   , 0.701       , 
laghos    , -p1-dim2-rs2-tf3.7                                        , 1    , 1.0    , 1.3302 ,       , 0.8906, 0.5955, 0.2413    , 1.6604, 0.9329 , 0.905     , 0.2593    , 0.5907   , 0.1386   , 0.7117      , 
laghos    , -p1-dim2-rs2-tf3.7-pa                                     , 1    , 1.0    , 1.336  ,       , 0.9045, 0.6083, 0.2478    , 1.6959, 0.9348 , 0.8957    , 0.2634    , 0.6058   , 0.141    , 0.7266      , 
laghos    , -p1-dim2-rs2-tf3.8                                        , 1    , 1.0    , 1.3121 ,       , 0.9286, 0.6245, 0.2532    , 1.7269, 0.9731 , 0.9438    , 0.2714    , 0.6284   , 0.1473   , 0.77        , 
laghos    , -p1-dim2-rs2-tf3.8-pa                                     , 1    , 1.0    , 1.4045 ,       , 0.9262, 0.6305, 0.2558    , 1.725 , 0.985  , 0.9388    , 0.2727    , 0.6363   , 0.1457   , 0.7893      , 
laghos    , -p1-dim2-rs2-tf3.9                                        , 1    , 1.0    , 1.3652 ,       , 0.9347, 0.6263, 0.2518    , 1.708 , 0.9654 , 0.9694    , 0.2791    , 0.6326   , 0.1463   , 0.7858      , 
laghos    , -p1-dim2-rs2-tf3.9-pa                                     , 1    , 1.0    , 1.3251 ,       , 0.8896, 0.5963, 0.2414    , 1.6295, 0.9311 , 0.8887    , 0.2657    , 0.6035   , 0.139    , 0.7299      , 
laghos    , -p1-dim2-rs2-tf4                                          , 1    , 1.0    , 1.2372 ,       , 0.8853, 0.5969, 0.2426    , 1.6316, 0.9383 , 0.9164    , 0.2609    , 0.6137   , 0.1393   , 0.7451      , 
laghos    , -p1-dim2-rs2-tf4-pa                                       , 1    , 1.0    , 1.252  ,       , 0.8913, 0.597 , 0.2427    , 1.635 , 0.927  , 0.928     , 0.2678    , 0.6108   , 0.1398   , 0.7426      , 
laghos    , -p1-dim2-rs2-tf4.1                                        , 1    , 1.0    , 1.3227 ,       , 0.8901, 0.5937, 0.2416    , 1.6607, 0.931  , 0.9293    , 0.2668    , 0.616    , 0.1402   , 0.7275      , 
laghos    , -p1-dim2-rs2-tf4.1-pa                                     , 1    , 1.0    , 1.3774 ,       , 0.9209, 0.6179, 0.2506    , 1.7074, 0.9687 , 0.9667    , 0.2706    , 0.6357   , 0.1462   , 0.7884      , 
laghos    , -p1-dim2-rs2-tf4.2                                        , 1    , 1.0    , 1.3318 ,       , 0.8911, 0.5977, 0.2428    , 1.6759, 0.9359 , 0.9391    , 0.2615    , 0.6275   , 0.1407   , 0.7647      , 
laghos    , -p1-dim2-rs2-tf4.2-pa                                     , 1    , 1.0    , 1.3699 ,       , 0.9101, 0.6166, 0.2515    , 1.7265, 0.9572 , 0.9565    , 0.2714    , 0.6471   , 0.1479   , 0.7643      , 
laghos    , -p1-dim2-rs2-tf4.3                                        , 1    , 1.0    , 1.3199 ,       , 0.8869, 0.5921, 0.242     , 1.653 , 0.9384 , 0.95      , 0.2615    , 0.6342   , 0.1413   , 0.7539      , 
laghos    , -p1-dim2-rs2-tf4.3-pa                                     , 1    , 1.0    , 1.3302 ,       , 0.8873, 0.5973, 0.2455    , 1.6736, 0.9277 , 0.9547    , 0.263     , 0.6375   , 0.1413   , 0.7794      , 
laghos    , -p1-dim2-rs2-tf4.4                                        , 1    , 1.0    , 1.3186 ,       , 0.8946, 0.5958, 0.2421    , 1.675 , 0.9361 , 0.9584    , 0.2615    , 0.6461   , 0.1415   , 0.7905      , 
laghos    , -p1-dim2-rs2-tf4.4-pa                                     , 1    , 1.0    , 1.3565 ,       , 0.9172, 0.614 , 0.2497    , 1.7283, 0.9522 , 0.9829    , 0.2724    , 0.6642   , 0.1467   , 0.7715      , 
laghos    , -p1-dim2-rs2-tf4.5                                        , 1    , 1.0    , 1.2659 ,       , 0.8898, 0.5971, 0.2416    , 1.671 , 0.9395 , 0.9388    , 0.2631    , 0.6529   , 0.143    , 0.7852      , 
laghos    , -p1-dim2-rs2-tf4.5-pa                                     , 1    , 1.0    , 1.2541 ,       , 0.8789, 0.5957, 0.2422    , 1.67  , 0.9356 , 0.9582    , 0.2706    , 0.642    , 0.141    , 0.8062      , 
laghos    , -p1-dim2-rs2-tf4.6                                        , 1    , 1.0    , 1.344  ,       , 0.8937, 0.6064, 0.2474    , 1.7103, 0.942  , 0.961     , 0.2693    , 0.6727   , 0.1446   , 0.8087      , 
laghos    , -p1-dim2-rs2-tf4.6-pa                                     , 1    , 1.0    , 1.3222 ,       , 0.8928, 0.5975, 0.2426    , 1.6746, 0.9419 , 0.971     , 0.2632    , 0.6603   , 0.1433   , 0.7898      , 
laghos    , -p1-dim2-rs2-tf4.7                                        , 1    , 1.0    , 1.34   ,       , 0.9314, 0.6266, 0.2548    , 1.7629, 0.9825 , 1.006     , 0.2775    , 0.7021   , 0.1503   , 0.8386      , 
laghos    , -p1-dim2-rs2-tf4.7-pa                                     , 1    , 1.0    , 1.2639 ,       , 0.8933, 0.597 , 0.2429    , 1.68  , 0.9244 , 0.9593    , 0.2713    , 0.6656   , 0.143    , 0.8026      , 
laghos    , -p1-dim2-rs2-tf4.8                                        , 1    , 1.0    , 1.2091 ,       , 0.8981, 0.5998, 0.2429    , 1.6813, 0.9424 , 0.9659    , 0.2638    , 0.673    , 0.1431   , 0.8111      , 
laghos    , -p1-dim2-rs2-tf4.8-pa                                     , 1    , 1.0    , 1.3239 ,       , 0.89  , 0.5979, 0.2426    , 1.6785, 0.9367 , 0.956     , 0.2707    , 0.668    , 0.143    , 0.828       , 
laghos    , -p1-dim2-rs2-tf4.9                                        , 1    , 1.0    , 1.3301 ,       , 0.9148, 0.6216, 0.2538    , 1.7416, 0.9767 , 1.0159    , 0.2756    , 0.7016   , 0.1486   , 0.8508      , 
laghos    , -p1-dim2-rs2-tf4.9-pa                                     , 1    , 1.0    , 1.251  ,       , 0.901 , 0.6028, 0.2438    , 1.6843, 0.9367 , 0.9703    , 0.2677    , 0.6808   , 0.1438   , 0.7816      , 
laghos    , -p1-dim2-rs2-tf5                                          , 1    , 1.0    , 1.3015 ,       , 0.8887, 0.5943, 0.2432    , 1.6802, 0.9401 , 0.9806    , 0.2705    , 0.6784   , 0.1456   , 0.8114      , 
laghos    , -p1-dim2-rs2-tf5-pa                                       , 1    , 1.0    , 1.2526 ,       , 0.8936, 0.5987, 0.2439    , 1.6867, 0.9351 , 0.9941    , 0.2657    , 0.6838   , 0.1455   , 0.8294      , 
laghos    , -p1-dim2-rs2-tf5.5                                        , 1    , 1.0    , 1.2468 ,       , 0.8978, 0.5989,           , 1.6778, 0.9439 , 1.0051    , 0.2667    , 0.6927   , 0.1449   , 0.8398      , 
laghos    , -p1-dim2-rs2-tf5.5-pa                                     , 1    , 1.0    , 1.2389 ,       , 0.8887, 0.5992, 0.2441    , 1.6937, 0.943  , 0.9704    , 0.2664    , 0.7022   , 0.1441   , 0.8277      , 
laghos    , -p1-dim2-rs3-tf3                                          , 1    , 1.0    , 1.323  ,       , 0.9926, 0.6899, 0.7983    , 1.9659, 1.0648 , 1.3047    , 0.8137    , 0.9704   , 0.4829   , 1.225       , 0.2538
laghos    , -p1-dim2-rs3-tf3-pa                                       , 1    , 1.0    , 1.3006 ,       , 0.977 , 0.6773, 0.7826    , 1.9176, 1.0367 , 1.2828    , 0.7946    , 0.9538   , 0.4781   , 1.2179      , 0.2464
laghos    , -p1-dim2-rs3-tf3.1                                        , 1    , 1.0    , 1.3158 ,       , 0.9818, 0.6782, 0.7847    , 1.9281, 1.0411 , 1.3       , 0.7996    , 0.9598   , 0.4725   , 1.1989      , 0.2485
laghos    , -p1-dim2-rs3-tf3.1-pa                                     , 1    , 1.0    , 1.3191 ,       , 0.9847, 0.6822, 0.7861    , 1.9315, 1.0556 , 1.3064    , 0.8176    , 0.9648   , 0.4794   , 1.223       , 0.2552
laghos    , -p1-dim2-rs3-tf3.2                                        , 1    , 1.0    , 1.3394 ,       , 0.9885, 0.6809, 0.7857    , 1.9347, 1.043  , 1.2991    , 0.8208    , 0.965    , 0.4814   , 1.2258      , 0.2525
laghos    , -p1-dim2-rs3-tf3.2-pa                                     , 1    , 1.0    , 1.319  ,       , 0.9907, 0.6825,           , 1.9381, 1.0503 , 1.3004    , 0.8099    , 0.9707   , 0.4787   , 1.2091      , 0.2595
laghos    , -p1-dim2-rs3-tf3.3                                        , 1    , 1.0    , 1.3321 ,       , 1.0018, 0.6904,           , 1.9624, 1.0685 , 1.3165    , 0.8202    , 0.983    , 0.4875   , 1.2334      , 0.2505
laghos    , -p1-dim2-rs3-tf3.3-pa                                     , 1    , 1.0    , 1.3324 ,       , 0.9971, 0.6922,           , 1.9667, 1.0568 , 1.3138    , 0.8248    , 0.9721   , 0.4822   , 1.2543      , 0.2608
laghos    , -p1-dim2-rs3-tf3.4                                        , 1    , 1.0    , 1.3939 ,       , 1.0466, 0.7249,           , 2.0604, 1.1255 , 1.3927    , 0.8567    , 1.0357   , 0.5128   , 1.3029      , 0.2857
laghos    , -p1-dim2-rs3-tf3.4-pa                                     , 1    , 1.0    , 1.3544 ,       , 1.0025, 0.6952, 0.6794    , 1.9676, 1.0753 , 1.3146    , 0.8509    , 0.9951   , 0.4918   , 1.246       , 0.2609
laghos    , -p1-dim2-rs3-tf3.5                                        , 1    , 1.0    , 1.3423 ,       , 1.0134, 0.7011,           , 1.9932, 1.0659 , 1.3412    , 0.8475    , 1.0052   , 0.4961   , 1.2658      , 0.2559
laghos    , -p1-dim2-rs3-tf3.5-pa                                     , 1    , 1.0    , 1.3336 ,       , 1.0031, 0.6941, 0.8036    , 1.9686, 1.0677 , 1.3276    , 0.8198    , 0.9899   , 0.4882   , 1.2446      , 0.2515
laghos    , -p1-dim2-rs3-tf3.6                                        , 1    , 1.0    , 1.3723 ,       , 1.0203, 0.7038,           , 2.0019, 1.091  , 1.3589    , 0.8593    , 1.012    , 0.4997   , 1.2687      , 0.2626
laghos    , -p1-dim2-rs3-tf3.6-pa                                     , 1    , 1.0    , 1.3685 ,       , 0.9981, 0.6936,           , 1.9672, 1.0629 , 1.3239    , 0.844     , 0.9949   , 0.4863   , 1.2545      , 0.2539
laghos    , -p1-dim2-rs3-tf3.7                                        , 1    , 1.0    , 1.338  ,       , 0.9999, 0.687 , 0.7937    , 1.9608, 1.0445 , 1.3171    , 0.818     , 0.9893   , 0.4873   , 1.2535      , 0.2469
laghos    , -p1-dim2-rs3-tf3.7-pa                                     , 1    , 1.0    , 1.322  ,       , 0.9881, 0.6854, 0.7976    , 1.9493, 1.0572 , 1.3093    , 0.837     , 0.9834   , 0.4877   , 1.2485      , 0.2597
laghos    , -p1-dim2-rs3-tf3.8                                        , 1    , 1.0    , 1.3522 ,       , 0.9941, 0.6878,           , 1.9595, 1.0448 , 1.3173    , 0.8268    , 0.9911   , 0.4856   , 1.2633      , 0.256
laghos    , -p1-dim2-rs3-tf3.8-pa                                     , 1    , 1.0    , 1.3834 ,       , 1.0253, 0.7126, 0.8233    , 2.0232, 1.0936 , 1.3657    , 0.8428    , 1.0241   , 0.4984   , 1.2962      , 0.2647
laghos    , -p1-dim2-rs3-tf3.9                                        , 1    , 1.0    , 1.3429 ,       , 0.9938, 0.6891,           , 1.9552, 1.0676 , 1.313     , 0.8159    , 0.9953   , 0.487    , 1.2555      , 0.2672
laghos    , -p1-dim2-rs3-tf3.9-pa                                     , 1    , 1.0    , 1.3508 ,       , 1.0007, 0.6938, 0.805     , 1.9718, 1.0635 , 1.321     , 0.8503    , 0.9911   , 0.493    , 1.2563      , 0.2593
laghos    , -p1-dim2-rs3-tf4                                          , 1    , 1.0    , 1.3349 ,       , 0.9971, 0.6882, 0.7989    , 1.9582, 1.0571 , 1.3207    , 0.8323    , 0.9974   , 0.4822   , 1.2676      , 0.2562
laghos    , -p1-dim2-rs3-tf4-pa                                       , 1    , 1.0    , 1.3214 ,       , 0.9912, 0.6866, 0.8025    , 1.9586, 1.0635 , 1.3127    , 0.8394    , 0.9962   , 0.4881   , 1.2548      , 0.2619
laghos    , -p1-dim2-rs3-tf4.1                                        , 1    , 1.0    , 1.3506 ,       , 1.0051, 0.6936,           , 1.9793, 1.0628 , 1.342     , 0.8439    , 1.01     , 0.4931   , 1.2699      , 0.2578
laghos    , -p1-dim2-rs3-tf4.1-pa                                     , 1    , 1.0    , 1.3534 ,       , 1.0233, 0.7044, 0.8202    , 2.0087, 1.0812 , 1.3414    , 0.8654    , 1.0129   , 0.4947   , 1.3033      , 0.2734
laghos    , -p1-dim2-rs3-tf4.2                                        , 1    , 1.0    , 1.3707 ,       , 1.026 , 0.7088,           , 2.0183, 1.0943 , 1.3709    , 0.8706    , 1.0381   , 0.5022   , 1.3178      , 0.2672
laghos    , -p1-dim2-rs3-tf4.2-pa                                     , 1    , 1.0    , 1.3402 ,       , 0.9849, 0.6812,           , 1.9427, 1.0432 , 1.3109    , 0.8285    , 0.9952   , 0.4838   , 1.2705      , 0.2595
laghos    , -p1-dim2-rs3-tf4.3                                        , 1    , 1.0    , 1.3334 ,       , 0.9975, 0.6903,           , 1.9641, 1.0723 , 1.333     , 0.8463    , 1.0163   , 0.4989   , 1.2981      , 0.2601
laghos    , -p1-dim2-rs3-tf4.3-pa                                     , 1    , 1.0    , 1.3449 ,       , 0.9948, 0.69  , 0.8043    , 1.9684, 1.0688 , 1.3488    , 0.819     , 1.0171   , 0.4967   , 1.2916      , 0.2617
laghos    , -p1-dim2-rs3-tf4.4                                        , 1    , 1.0    , 1.317  ,       , 0.9794, 0.6794, 0.6597    , 1.9425, 1.0436 , 1.3159    , 0.8354    , 1.0049   , 0.4904   , 1.282       , 0.2645
laghos    , -p1-dim2-rs3-tf4.4-pa                                     , 1    , 1.0    , 1.345  ,       , 0.9943, 0.6911, 0.8016    , 1.9724, 1.0639 , 1.3511    , 0.8264    , 1.0231   , 0.4998   , 1.2972      , 0.264
laghos    , -p1-dim2-rs3-tf4.5                                        , 1    , 1.0    , 1.2999 ,       , 0.9836, 0.6826, 0.7979    , 1.9558, 1.0566 , 1.3264    , 0.8156    , 1.0131   , 0.5012   , 1.2942      , 0.2608
laghos    , -p1-dim2-rs3-tf4.5-pa                                     , 1    , 1.0    , 1.3455 ,       , 1.0182, 0.7042, 0.8185    , 2.0055, 1.0648 , 1.3707    , 0.8405    , 1.0258   , 0.5006   , 1.3287      , 0.264
laghos    , -p1-dim2-rs3-tf4.6                                        , 1    , 1.0    , 1.325  ,       , 0.985 , 0.6851, 0.7948    , 1.9553, 1.0538 , 1.3464    , 0.8165    , 1.022    , 0.4976   , 1.3047      , 0.2637
laghos    , -p1-dim2-rs3-tf4.6-pa                                     , 1    , 1.0    , 1.3265 ,       , 0.9982, 0.691 , 0.8013    , 1.9745, 1.0665 , 1.3408    , 0.8522    , 1.0262   , 0.5023   , 1.3112      , 0.2639
laghos    , -p1-dim2-rs3-tf4.7                                        , 1    , 1.0    , 1.3423 ,       , 1.0056, 0.6953,           , 1.9865, 1.0652 , 1.3651    , 0.8371    , 1.0357   , 0.5069   , 1.3224      , 0.2667
laghos    , -p1-dim2-rs3-tf4.7-pa                                     , 1    , 1.0    , 1.3251 ,       , 0.9981, 0.6925, 0.6748    , 1.9711, 1.0754 , 1.3441    , 0.8489    , 1.0099   , 0.4991   , 1.3019      , 0.2609
laghos    , -p1-dim2-rs3-tf4.8                                        , 1    , 1.0    , 1.3459 ,       , 1.0031, 0.6932,           , 1.9812, 1.0684 , 1.365     , 0.8265    , 1.0319   , 0.5071   , 1.3226      , 0.2679
laghos    , -p1-dim2-rs3-tf4.8-pa                                     , 1    , 1.0    , 1.3526 ,       , 0.9918, 0.6866, 0.8005    , 1.9586, 1.0521 , 1.3455    , 0.8207    , 1.0257   , 0.5021   , 1.3068      , 0.2524
laghos    , -p1-dim2-rs3-tf4.9                                        , 1    , 1.0    , 1.3326 ,       , 0.9983, 0.6905, 0.8042    , 1.9752, 1.0545 , 1.3582    , 0.8263    , 1.0335   , 0.4983   , 1.3227      , 0.2618
laghos    , -p1-dim2-rs3-tf4.9-pa                                     , 1    , 1.0    , 1.376  ,       , 1.0252, 0.7113,           , 2.0307, 1.1017 , 1.3851    , 0.8802    , 1.0652   , 0.5179   , 1.3559      , 0.2638
laghos    , -p1-dim2-rs3-tf5                                          , 1    , 1.0    , 1.3218 ,       , 1.0009, 0.694 , 0.8076    , 1.9848, 1.0592 , 1.3528    , 0.8544    , 1.0415   , 0.5051   , 1.3287      , 0.2551
laghos    , -p1-dim2-rs3-tf5-pa                                       , 1    , 1.0    , 1.2944 ,       , 0.9857, 0.6821,           , 1.9454, 1.0565 , 1.3353    , 0.8183    , 1.0099   , 0.4945   , 1.3165      , 0.2617
laghos    , -p1-dim2-rs3-tf5.5                                        , 1    , 1.0    , 1.261  ,       , 0.9875, 0.6851,           , 1.9558, 1.0644 , 1.3465    , 0.8262    , 1.0322   , 0.5069   , 1.3344      , 0.2655
laghos    , -p1-dim2-rs3-tf5.5-pa                                     , 1    , 1.0    , 1.3623 ,       , 1.0136, 0.701 , 0.6879    , 1.9956, 1.0645 , 1.3869    , 0.86      , 1.059    , 0.5131   , 1.3547      , 0.2712
laghos    , -p1-dim3-rs1-tf3                                          , 1    , 1.0    , 1.3097 ,       , 1.0477, 0.7245,           , 1.715 , 1.1333 , 1.2922    , 1.1311    , 0.9033   , 0.5958   , 1.1142      , 0.3239
laghos    , -p1-dim3-rs1-tf3-pa                                       , 1    , 1.0    , 1.2916 ,       , 1.0471, 0.7246, 0.8762    , 1.7136, 1.1363 , 1.3       , 1.1361    , 0.8984   , 0.593    , 1.0918      , 0.3584
laghos    , -p1-dim3-rs1-tf3.5                                        , 1    , 1.0    , 1.3242 ,       , 1.0736, 0.7407, 1.0519    , 1.7529, 1.1614 , 1.351     , 1.1875    , 0.9626   , 0.6226   , 1.1549      , 0.3634
laghos    , -p1-dim3-rs1-tf3.5-pa                                     , 1    , 1.0    , 1.2769 ,       , 1.0555, 0.7274, 1.0334    , 1.7277, 1.1394 , 1.3314    , 1.1564    , 0.9413   , 0.608    , 1.1389      , 0.3468
laghos    , -p1-dim3-rs1-tf4                                          , 1    , 1.0    , 1.2733 ,       , 1.0453, 0.7212, 1.0251    , 1.7127, 1.1343 , 1.3306    , 1.1595    , 0.9641   , 0.6211   , 1.1877      , 0.3351
laghos    , -p1-dim3-rs1-tf4-pa                                       , 1    , 1.0    , 1.3944 ,       , 1.1465, 0.7924, 1.1292    , 1.8719, 1.2366 , 1.4683    , 1.3036    , 1.0577   , 0.6851   , 1.2981      , 0.3847
laghos    , -p1-dim3-rs1-tf4.5                                        , 1    , 1.0    , 1.3015 ,       , 1.0746, 0.7414, 0.9078    , 1.7685, 1.1691 , 1.3859    , 1.1892    , 1.0073   , 0.6378   , 1.24        , 0.3545
laghos    , -p1-dim3-rs1-tf4.5-pa                                     , 1    , 1.0    , 1.2848 ,       , 1.0703, 0.7366, 1.0484    , 1.7582, 1.1648 , 1.3821    , 1.1902    , 0.9974   , 0.6377   , 1.2316      , 0.362
laghos    , -p1-dim3-rs1-tf5                                          , 1    , 1.0    , 1.3111 ,       , 1.0783, 0.7443, 1.0535    , 1.7801, 1.1551 , 1.4047    , 1.2083    , 1.0224   , 0.6485   , 1.2682      , 0.3687
laghos    , -p1-dim3-rs1-tf5-pa                                       , 1    , 1.0    , 1.2906 ,       , 1.0663, 0.7359, 1.0413    , 1.7607, 1.1599 , 1.3859    , 1.1891    , 1.0084   , 0.6405   , 1.25        , 0.3444
laghos    , -p1-dim3-rs1-tf5.5                                        , 1    , 1.0    , 1.2866 ,       , 1.059 , 0.731 , 1.0385    , 1.7453, 1.1544 , 1.3791    , 1.1901    , 1.0175   , 0.6387   , 1.2517      , 0.3588
laghos    , -p1-dim3-rs1-tf5.5-pa                                     , 1    , 1.0    , 1.2752 ,       , 1.0564, 0.7277, 1.033     , 1.7429, 1.1406 , 1.3818    , 1.1898    , 1.0097   , 0.6409   , 1.2476      , 0.3446
laghos    , -p1-dim3-rs2-tf3                                          , 1    , 1.0    , 1.3427 ,       , 1.1566, 0.8015, 6.3588    , 1.8998, 1.2189 , 1.5985    , 7.9131    , 1.1396   , 4.6257   , 1.4125      , 2.6899
laghos    , -p1-dim3-rs2-tf3-pa                                       , 1    , 1.0    , 1.3344 ,       , 1.1612, 0.8032, 6.3749    , 1.9019, 1.2216 , 1.6029    , 7.9849    , 1.1359   , 4.6909   , 1.4195      , 2.5752
laghos    , -p1-dim3-rs2-tf3.5                                        , 1    , 1.0    , 1.329  ,       , 1.1483, 0.7981,           , 1.8932, 1.199  , 1.594     , 7.8593    , 1.1342   , 4.6935   , 1.4105      , 2.6143
laghos    , -p1-dim3-rs2-tf3.5-pa                                     , 1    , 1.0    , 1.3216 ,       , 1.1435, 0.7922, 6.2558    , 1.8823, 1.2087 , 1.5837    , 7.8495    , 1.123    , 4.6788   , 1.4028      , 2.5966
laghos    , -p1-dim3-rs2-tf4                                          , 1    , 1.0    , 1.3526 ,       , 1.1703, 0.8137, 6.4219    , 1.9351, 1.2368 , 1.6277    , 8.0506    , 1.159    , 4.7649   , 1.4396      , 2.6434
laghos    , -p1-dim3-rs2-tf4-pa                                       , 1    , 1.0    , 1.3221 ,       , 1.1512, 0.7974,           , 1.8963, 1.2015 , 1.5968    , 7.8695    , 1.1374   , 4.6113   , 1.4108      , 2.6393
laghos    , -p1-dim3-rs2-tf4.5                                        , 1    , 1.0    , 1.3252 ,       , 1.1478, 0.797 , 6.261     , 1.8939, 1.2142 , 1.5953    , 7.8877    , 1.1374   , 4.6364   , 1.405       , 2.6363
laghos    , -p1-dim3-rs2-tf4.5-pa                                     , 1    , 1.0    , 1.3296 ,       , 1.1541, 0.8013, 6.3152    , 1.9074, 1.2192 , 1.6036    , 8.1178    , 1.1429   , 4.744    , 1.4171      , 2.655
laghos    , -p1-dim3-rs2-tf5                                          , 1    , 1.0    , 1.3261 ,       , 1.1541, 0.802 ,           , 1.9084, 1.2055 , 1.6056    , 8.125     , 1.1454   , 4.7619   , 1.4044      , 2.542
laghos    , -p1-dim3-rs2-tf5-pa                                       , 1    , 1.0    , 1.3228 ,       , 1.1512, 0.7984, 6.2606    , 1.8958, 1.2181 , 1.6001    , 7.8881    , 1.1349   , 4.7326   , 1.4164      , 2.5911
laghos    , -p1-dim3-rs2-tf5.5                                        , 1    , 1.0    , 1.3097 ,       , 1.1367, 0.7877,           , 1.8743, 1.1991 , 1.5796    , 7.7829    , 1.1275   , 4.6667   , 1.3956      , 2.6331
laghos    , -p1-dim3-rs2-tf5.5-pa                                     , 1    , 1.0    , 1.3118 ,       , 1.1373, 0.788 ,           , 1.8748, 1.1869 , 1.5795    , 7.8544    , 1.1265   , 4.6491   , 1.4048      , 2.64
laghos    , -p2-dim2-rs2-tf3                                          , 1    , 1.0    , 1.2972 ,       , 0.8866, 0.5972, 0.2417    , 1.6365, 0.9237 , 0.8562    , 0.2634    , 0.5454   , 0.1369   , 0.6729      , 
laghos    , -p2-dim2-rs2-tf3-pa                                       , 1    , 1.0    , 1.3181 ,       , 0.882 , 0.595 , 0.2416    , 1.6375, 0.9238 , 0.8567    , 0.2541    , 0.5394   , 0.1364   , 0.6254      , 
laghos    , -p2-dim2-rs2-tf3.5                                        , 1    , 1.0    , 1.2346 ,       , 0.9238, 0.6175, 0.2524    , 1.6965, 0.9614 , 0.9332    , 0.2748    , 0.6056   , 0.1431   , 0.7134      , 
laghos    , -p2-dim2-rs2-tf3.5-pa                                     , 1    , 1.0    , 1.2062 ,       , 0.8872, 0.5971, 0.2431    , 1.6347, 0.9261 , 0.8995    , 0.2576    , 0.5838   , 0.1385   , 0.7201      , 
laghos    , -p2-dim2-rs2-tf4                                          , 1    , 1.0    , 1.3118 ,       , 0.9307, 0.6278, 0.2552    , 1.7323, 0.9767 , 0.9566    , 0.2806    , 0.6319   , 0.1477   , 0.7729      , 
laghos    , -p2-dim2-rs2-tf4-pa                                       , 1    , 1.0    , 1.2915 ,       , 0.9043, 0.5991, 0.2462    , 1.6679, 0.9401 , 0.9245    , 0.2618    , 0.6081   , 0.1416   , 0.7031      , 
laghos    , -p2-dim2-rs2-tf4.5                                        , 1    , 1.0    , 1.3093 ,       , 0.9062, 0.601 , 0.2444    , 1.6573, 0.9376 , 0.9426    , 0.2721    , 0.6294   , 0.1418   , 0.7449      , 
laghos    , -p2-dim2-rs2-tf4.5-pa                                     , 1    , 1.0    , 1.4326 ,       , 1.0175, 0.6835, 0.2796    , 1.8909, 1.0521 , 1.0762    , 0.2976    , 0.7188   , 0.1609   , 0.8499      , 
laghos    , -p2-dim2-rs2-tf5                                          , 1    , 1.0    , 1.3617 ,       , 0.978 , 0.6564,           , 1.8222, 1.0196 , 1.0626    , 0.2875    , 0.7229   , 0.1562   , 0.8933      , 
laghos    , -p2-dim2-rs2-tf5-pa                                       , 1    , 1.0    , 1.2654 ,       , 0.8892, 0.6023, 0.2451    , 1.674 , 0.9432 , 0.971     , 0.2665    , 0.6618   , 0.1446   , 0.8074      , 
laghos    , -p2-dim2-rs2-tf5.5                                        , 1    , 1.0    , 1.3099 ,       , 0.8945, 0.601 , 0.2449    , 1.666 , 0.9392 , 0.9857    , 0.2732    , 0.6808   , 0.1451   , 0.8222      , 
laghos    , -p2-dim2-rs2-tf5.5-pa                                     , 1    , 1.0    , 1.3499 ,       , 0.9146, 0.6168, 0.2509    , 1.7112, 0.9675 , 1.0039    , 0.2718    , 0.7027   , 0.1472   , 0.8201      , 
laghos    , -p2-dim3-rs1-tf3                                          , 1    , 1.0    , 1.288  ,       , 1.0775, 0.7406, 1.189     , 1.7221, 1.1471 , 1.324     , 1.2964    , 0.8888   , 0.6754   , 1.0699      , 0.3858
laghos    , -p2-dim3-rs1-tf3-pa                                       , 1    , 1.0    , 1.2665 ,       , 1.0711, 0.734 , 1.1739    , 1.7036, 1.1412 , 1.3072    , 1.2872    , 0.8778   , 0.6688   , 1.0706      , 0.3758
laghos    , -p2-dim3-rs1-tf3.5                                        , 1    , 1.0    , 1.2817 ,       , 1.082 , 0.7405, 1.1912    , 1.7152, 1.151  , 1.3263    , 1.3438    , 0.9111   , 0.6925   , 1.0933      , 0.3805
laghos    , -p2-dim3-rs1-tf3.5-pa                                     , 1    , 1.0    , 1.2789 ,       , 1.0854, 0.7426, 1.1956    , 1.7267, 1.1479 , 1.3343    , 1.32      , 0.9138   , 0.6878   , 1.1013      , 0.3929
laghos    , -p2-dim3-rs1-tf4                                          , 1    , 1.0    , 1.3094 ,       , 1.1092, 0.7576,           , 1.7652, 1.1669 , 1.3787    , 1.3502    , 0.9461   , 0.7163   , 1.1411      , 0.4052
laghos    , -p2-dim3-rs1-tf4-pa                                       , 1    , 1.0    , 1.3173 ,       , 1.0975, 0.753 ,           , 1.7526, 1.1733 , 1.3589    , 1.3762    , 0.9369   , 0.7047   , 1.1352      , 0.3907
laghos    , -p2-dim3-rs1-tf4.5                                        , 1    , 1.0    , 1.3164 ,       , 1.1159, 0.7625, 1.2227    , 1.7736, 1.1853 , 1.3928    , 1.3667    , 0.9575   , 0.7242   , 1.1543      , 0.4007
laghos    , -p2-dim3-rs1-tf4.5-pa                                     , 1    , 1.0    , 1.3058 ,       , 1.103 , 0.7543, 1.2157    , 1.7567, 1.1677 , 1.3722    , 1.3762    , 0.9499   , 0.7179   , 1.1611      , 0.4037
laghos    , -p2-dim3-rs1-tf5                                          , 1    , 1.0    , 1.2919 ,       , 1.0858, 0.742 , 1.0156    , 1.735 , 1.1563 , 1.3665    , 1.3777    , 0.9544   , 0.7084   , 1.1489      , 0.3789
laghos    , -p2-dim3-rs1-tf5-pa                                       , 1    , 1.0    , 1.3188 ,       , 1.1146, 0.7601, 1.2157    , 1.7679, 1.1873 , 1.3965    , 1.3774    , 0.9779   , 0.7394   , 1.1673      , 0.3927
laghos    , -p2-dim3-rs1-tf5.5                                        , 1    , 1.0    , 1.2767 ,       , 1.0823, 0.7384, 1.0115    , 1.7164, 1.1477 , 1.3732    , 1.3831    , 0.9641   , 0.7118   , 1.1632      , 0.3948
laghos    , -p2-dim3-rs1-tf5.5-pa                                     , 1    , 1.0    , 1.2882 ,       , 1.0924, 0.7443, 1.0151    , 1.7377, 1.1594 , 1.3819    , 1.3536    , 0.9689   , 0.7181   , 1.1728      , 0.3841
laghos    , -p2-dim3-rs2-tf3                                          , 1    , 1.0    , 1.2956 ,       , 1.1682, 0.7993, 6.931     , 1.8644, 1.2081 , 1.599     , 8.5918    , 1.1207   , 5.0045   , 1.3806      , 2.9103
laghos    , -p2-dim3-rs2-tf3-pa                                       , 1    , 1.0    , 1.3012 ,       , 1.1698, 0.8006, 6.3348    , 1.8648, 1.2141 , 1.6019    , 8.6932    , 1.1183   , 5.0856   , 1.3798      , 2.7179
laghos    , -p3-dim2-rs1-tf3                                          , 1    , 1.0    , 1.4374 ,       , 0.456 , 0.3151,           , 0.4715, 0.3202 ,           ,           ,          ,          ,             , 
laghos    , -p3-dim2-rs1-tf3-pa                                       , 1    , 1.0    , 1.4256 ,       , 0.4599, 0.3147,           , 0.477 , 0.3195 ,           ,           ,          ,          ,             , 
laghos    , -p3-dim2-rs1-tf3.5                                        , 1    , 1.0    , 1.3185 ,       , 0.4512, 0.3082,           , 0.4848, 0.3189 ,           ,           ,          ,          ,             , 
laghos    , -p3-dim2-rs1-tf3.5-pa                                     , 1    , 1.0    , 1.4702 ,       , 0.4813, 0.3333,           , 0.5094, 0.3471 ,           ,           ,          ,          ,             , 
laghos    , -p3-dim2-rs1-tf4                                          , 1    , 1.0    , 1.3622 ,       , 0.474 , 0.3245,           , 0.5293, 0.345  ,           ,           ,          ,          ,             , 
laghos    , -p3-dim2-rs1-tf4-pa                                       , 1    , 1.0    , 1.3074 ,       , 0.4714, 0.3219,           , 0.5253, 0.3416 ,           ,           ,          ,          ,             , 
laghos    , -p3-dim2-rs1-tf4.5                                        , 1    , 1.0    , 1.3454 ,       , 0.5139, 0.3444,           , 0.5794, 0.378  ,           ,           ,          ,          ,             , 
laghos    , -p3-dim2-rs1-tf4.5-pa                                     , 1    , 1.0    , 1.2745 ,       , 0.4877, 0.3331,           , 0.5422, 0.3582 ,           ,           ,          ,          ,             , 
laghos    , -p3-dim2-rs1-tf5                                          , 1    , 1.0    , 1.3644 ,       , 0.5421, 0.3681,           , 0.6357, 0.4061 ,           ,           ,          ,          ,             , 
laghos    , -p3-dim2-rs1-tf5-pa                                       , 1    , 1.0    , 1.3276 ,       , 0.5212, 0.3532,           , 0.6051, 0.3956 ,           ,           ,          ,          ,             , 
laghos    , -p3-dim2-rs1-tf5.5                                        , 1    , 1.0    , 1.3071 ,       , 0.5338, 0.3575,           , 0.6343, 0.3987 , 0.1031    ,           ,          ,          ,             , 
laghos    , -p3-dim2-rs1-tf5.5-pa                                     , 1    , 1.0    , 1.2988 ,       , 0.5248, 0.3522,           , 0.6309, 0.4062 , 0.1005    ,           ,          ,          ,             , 
laghos    , -p3-dim2-rs2-tf3                                          , 1    , 1.0    , 1.361  ,       , 0.8076, 0.547 , 0.2007    , 1.2043, 0.7118 , 0.2801    , 0.1627    , 0.1246   ,          , 0.1316      , 
laghos    , -p3-dim2-rs2-tf3-pa                                       , 1    , 1.0    , 1.3372 ,       , 0.7561, 0.514 , 0.1906    , 1.1348, 0.6749 , 0.2636    , 0.1514    , 0.1176   ,          , 0.1233      , 
laghos    , -p3-dim2-rs2-tf3.5                                        , 1    , 1.0    , 1.2991 ,       , 0.777 , 0.5256, 0.1908    , 1.1949, 0.7141 , 0.3061    , 0.1597    , 0.1319   ,          , 0.1629      , 
laghos    , -p3-dim2-rs2-tf3.5-pa                                     , 1    , 1.0    , 1.3118 ,       , 0.7784, 0.5268, 0.1952    , 1.1955, 0.7167 , 0.2972    , 0.161     , 0.1353   ,          , 0.1463      , 
laghos    , -p3-dim2-rs2-tf4                                          , 1    , 1.0    , 1.306  ,       , 0.7865, 0.5343, 0.2013    , 1.2403, 0.7379 , 0.3322    , 0.1718    , 0.151    ,          , 0.1756      , 
laghos    , -p3-dim2-rs2-tf4-pa                                       , 1    , 1.0    , 1.3683 ,       , 0.7881, 0.5353, 0.2016    , 1.2465, 0.7356 , 0.3237    , 0.1688    , 0.1515   ,          , 0.1718      , 
laghos    , -p3-dim2-rs2-tf4.5                                        , 1    , 1.0    , 1.3437 ,       , 0.795 , 0.5341, 0.1982    , 1.2759, 0.7523 , 0.3571    , 0.1744    , 0.1657   ,          , 0.1749      , 
laghos    , -p3-dim2-rs2-tf4.5-pa                                     , 1    , 1.0    , 0.8417 ,       , 0.7977, 0.5376, 0.2044    , 1.2676, 0.7485 , 0.3557    , 0.1745    , 0.1628   ,          , 0.1781      , 
laghos    , -p3-dim2-rs2-tf5                                          , 1    , 1.0    , 1.3239 ,       , 0.8107, 0.548 , 0.176     , 1.3179, 0.7748 , 0.3903    , 0.1817    , 0.1816   ,          , 0.2042      , 
laghos    , -p3-dim2-rs2-tf5-pa                                       , 1    , 1.0    , 1.3002 ,       , 0.814 , 0.551 , 0.1988    , 1.3202, 0.7772 , 0.3868    , 0.1862    , 0.1827   ,          , 0.2073      , 
laghos    , -p3-dim2-rs2-tf5.5                                        , 1    , 1.0    , 1.4047 ,       , 0.8684, 0.5862, 0.2207    , 1.4287, 0.8364 , 0.435     , 0.1989    , 0.2094   ,          , 0.2243      , 
laghos    , -p3-dim2-rs2-tf5.5-pa                                     , 1    , 1.0    , 1.2671 ,       , 0.8146, 0.5535, 0.2105    , 1.3413, 0.7891 , 0.408     , 0.191     , 0.1966   ,          , 0.2269      , 
laghos    , -p3-dim3-rs1-tf3                                          , 1    , 1.0    , 1.2977 ,       , 0.9944, 0.6889, 0.7649    , 1.5285, 1.021  , 0.7188    , 0.6312    , 0.3532   , 0.2859   , 0.4378      , 0.2032
laghos    , -p3-dim3-rs1-tf3-pa                                       , 1    , 1.0    , 1.295  ,       , 0.9904, 0.6749, 0.7577    , 1.5464, 1.0181 , 0.7174    , 0.6463    , 0.3627   , 0.2791   , 0.431       , 0.1979
laghos    , -p3-dim3-rs1-tf3.5                                        , 1    , 1.0    , 1.4448 ,       , 1.0931, 0.7609, 0.8651    , 1.7349, 1.1343 , 0.8393    , 0.7439    , 0.4386   , 0.3365   , 0.5026      , 0.2471
laghos    , -p3-dim3-rs1-tf3.5-pa                                     , 1    , 1.0    , 1.3067 ,       , 0.997 , 0.6907, 0.7926    , 1.5845, 1.0307 , 0.7629    , 0.6771    , 0.4014   , 0.304    , 0.4406      , 0.2238
laghos    , -p3-dim3-rs1-tf4                                          , 1    , 1.0    , 1.3068 ,       , 1.002 , 0.692 , 0.8144    , 1.586 , 1.0391 , 0.8126    , 0.7135    , 0.4342   , 0.3185   , 0.5044      , 0.2222
laghos    , -p3-dim3-rs1-tf4-pa                                       , 1    , 1.0    , 1.3067 ,       , 1.0042, 0.6955, 0.8209    , 1.5995, 1.047  , 0.8137    , 0.721     , 0.4302   , 0.327    , 0.4948      , 0.2265
laghos    , -p3-dim3-rs1-tf4.5                                        , 1    , 1.0    , 1.2278 ,       , 1.007 , 0.6977, 0.823     , 1.5967, 1.0473 , 0.848     , 0.7398    , 0.4663   , 0.3388   , 0.5198      , 0.2334
laghos    , -p3-dim3-rs1-tf4.5-pa                                     , 1    , 1.0    , 1.3028 ,       , 1.0088, 0.6964, 0.8166    , 1.592 , 1.0627 , 0.8561    , 0.7528    , 0.4651   , 0.3472   , 0.522       , 0.2342
laghos    , -p3-dim3-rs1-tf5                                          , 1    , 1.0    , 1.3439 ,       , 1.0486, 0.7255, 0.8654    , 1.67  , 1.0975 , 0.919     , 0.7921    , 0.5125   , 0.374    , 0.5677      , 0.2623
laghos    , -p3-dim3-rs1-tf5-pa                                       , 1    , 1.0    , 1.2416 ,       , 1.0108, 0.6987, 0.8324    , 1.61  , 1.0689 , 0.8941    , 0.7743    , 0.4928   , 0.3636   , 0.5655      , 0.2392
laghos    , -p3-dim3-rs1-tf5.5                                        , 1    , 1.0    , 1.3804 ,       , 1.1122, 0.7678, 0.9274    , 1.7794, 1.1779 , 1.0119    , 0.8653    , 0.57     , 0.4125   , 0.6639      , 0.2714
laghos    , -p3-dim3-rs1-tf5.5-pa                                     , 1    , 1.0    , 1.4013 ,       , 1.0897, 0.755 , 0.9191    , 1.7467, 1.1595 , 0.9963    , 0.8451    , 0.5605   , 0.3965   , 0.6386      , 0.2731
laghos    , -p3-dim3-rs2-tf3                                          , 1    , 1.0    , 1.3411 ,       , 1.1511, 0.7974, 5.2127    , 1.9255, 1.1942 , 1.5084    , 5.6908    , 1.0227   , 2.9613   , 1.2545      , 1.9444
laghos    , -p3-dim3-rs2-tf3-pa                                       , 1    , 1.0    , 1.3059 ,       , 1.129 , 0.7806,           , 1.8876, 1.1747 , 1.4804    , 5.5403    , 0.998    , 2.8896   , 1.2389      , 1.8435
laghos    , -p3-dim3-rs2-tf3.5                                        , 1    , 1.0    , 1.315  ,       , 1.1307, 0.7827, 5.3275    , 1.8947, 1.1811 , 1.497     , 5.8461    , 1.0172   , 3.0167   , 1.264       , 1.9441
laghos    , -p3-dim3-rs2-tf3.5-pa                                     , 1    , 1.0    , 1.3    ,       , 1.1337, 0.7836, 5.3341    , 1.8983, 1.1769 , 1.502     , 5.8915    , 1.0206   , 3.0382   , 1.2497      , 1.9334
laghos    , -p3-dim3-rs2-tf4                                          , 1    , 1.0    , 1.3303 ,       , 1.1473, 0.7948, 4.9175    , 1.9228, 1.2001 , 1.5315    , 5.9889    , 1.0436   , 3.1898   , 1.2841      , 2.0124
laghos    , -p3-dim3-rs2-tf4-pa                                       , 1    , 1.0    , 1.321  ,       , 1.1486, 0.7949, 5.3534    , 1.9266, 1.2031 , 1.5306    , 5.9454    , 1.0448   , 3.2034   , 1.2883      , 1.993
laghos    , -p3-dim3-rs2-tf4.5                                        , 1    , 1.0    , 1.3654 ,       , 1.17  , 0.8108, 5.5784    , 1.9621, 1.2163 , 1.5679    , 6.3835    , 1.0769   , 3.3696   , 1.3325      , 2.0858
laghos    , -p3-dim3-rs2-tf4.5-pa                                     , 1    , 1.0    , 1.321  ,       , 1.1397, 0.7891, 5.4429    , 1.9168, 1.1956 , 1.5267    , 6.1718    , 1.0482   , 3.2887   , 1.3021      , 2.0036
laghos    , -p3-dim3-rs2-tf5                                          , 1    , 1.0    , 1.3251 ,       , 1.145 , 0.7936, 5.5106    , 1.9207, 1.2003 , 1.5402    , 6.2114    , 1.0643   , 3.3528   , 1.312       , 2.0494
laghos    , -p3-dim3-rs2-tf5-pa                                       , 1    , 1.0    , 1.3247 ,       , 1.1219, 0.7764, 5.4082    , 1.8881, 1.1703 , 1.5086    , 6.0432    , 1.0399   , 3.2958   , 1.2852      , 1.9518
laghos    , -p3-dim3-rs2-tf5.5                                        , 1    , 1.0    , 1.3191 ,       , 1.1467, 0.7936, 5.5389    , 1.9204, 1.1961 , 1.5426    , 6.2942    , 1.0677   , 3.4451   , 1.3201      , 2.068
laghos    , -p3-dim3-rs2-tf5.5-pa                                     , 1    , 1.0    , 1.3116 ,       , 1.1387, 0.7876, 5.5086    , 1.9072, 1.1856 , 1.5362    , 6.2354    , 1.0583   , 3.4187   , 1.3051      , 2.0987
minife.x  , -nx100-ny100-nz100                                        , 1    , 1.0    ,        , 1.3292, 0.5521, 0.3796, 0.6577    , 0.8045,        , 0.7512    ,           , 0.7279   ,          , 0.7339      , 
minife.x  , -nx100-ny100-nz50                                         , 1    , 1.0    ,        , 1.4744, 0.5813, 0.438 , 0.7632    , 0.8067,        , 0.7414    ,           , 0.7814   ,          , 0.7813      , 
minife.x  , -nx100-ny50-nz50                                          , 1    , 1.0    ,        , 1.4647, 0.5617, 0.4136, 0.7182    , 0.6691,        , 0.7629    ,           , 0.737    ,          , 0.6945      , 
minife.x  , -nx100-ny75-nz50                                          , 1    , 1.0    ,        , 1.3414, 0.5365, 0.3935, 0.6467    , 0.7181,        , 0.7109    ,           , 0.7027   ,          , 0.6575      , 
minife.x  , -nx100-ny75-nz75                                          , 1    , 1.0    ,        , 1.331 , 0.5106, 0.376 , 0.6462    , 0.7878,        , 0.7285    ,           , 0.7057   ,          , 0.6978      , 
minife.x  , -nx125-ny100-nz100                                        , 1    , 1.0    ,        , 1.3058, 0.5363, 0.393 , 0.6253    , 0.7781,        , 0.7296    ,           , 0.7043   ,          , 0.7082      , 
minife.x  , -nx125-ny100-nz50                                         , 1    , 1.0    ,        , 1.3438, 0.5578, 0.4076, 0.6604    , 0.7412,        , 0.759     ,           , 0.7166   ,          , 0.7397      , 
minife.x  , -nx125-ny125-nz125                                        , 1    , 1.0    ,        , 1.3388, 0.547 , 0.3783, 0.6325    , 0.8203,        , 0.7459    ,           , 0.7054   ,          , 0.7676      , 
minife.x  , -nx125-ny125-nz50                                         , 1    , 1.0    ,        , 1.3928, 0.5603, 0.4004, 0.6956    , 0.8099,        , 0.7655    ,           , 0.7401   ,          , 0.7668      , 
minife.x  , -nx125-ny50-nz50                                          , 1    , 1.0    ,        , 1.3637, 0.5175, 0.394 , 0.6599    , 0.7386,        , 0.7187    ,           , 0.7047   ,          , 0.6779      , 
minife.x  , -nx125-ny75-nz50                                          , 1    , 1.0    ,        , 1.3329, 0.5231, 0.3761, 0.658     , 0.7716,        , 0.7359    ,           , 0.7059   ,          , 0.7494      , 
minife.x  , -nx125-ny75-nz75                                          , 1    , 1.0    ,        , 1.3903, 0.5588, 0.4146, 0.6676    , 0.7672,        , 0.7724    ,           , 0.7487   ,          , 0.7839      , 
minife.x  , -nx150-ny100-nz100                                        , 1    , 1.0    ,        , 1.3456, 0.5551, 0.4008, 0.6515    , 0.8189,        , 0.7539    ,           , 0.7212   ,          , 0.6687      , 
minife.x  , -nx150-ny100-nz50                                         , 1    , 1.0    ,        , 1.2842, 0.5328, 0.3928, 0.634     , 0.7705,        , 0.73      ,           , 0.7106   ,          , 0.6953      , 
minife.x  , -nx150-ny125-nz125                                        , 1    , 1.0    ,        , 1.3481, 0.5517, 0.4052, 0.6579    , 0.8279,        , 0.7644    ,           , 0.7115   ,          , 0.732       , 
minife.x  , -nx150-ny125-nz50                                         , 1    , 1.0    ,        , 1.3129, 0.5376, 0.3944, 0.6395    , 0.7945,        , 0.7311    ,           , 0.7031   ,          , 0.7387      , 
minife.x  , -nx150-ny150-nz150                                        , 1    , 1.0    ,        , 1.3804, 0.5549, 0.412 , 0.6622    , 0.8524,        , 0.7837    ,           , 0.729    ,          , 0.8918      , 
minife.x  , -nx150-ny150-nz50                                         , 1    , 1.0    ,        , 1.3666, 0.5589, 0.4109, 0.6695    , 0.8173,        , 0.7729    ,           , 0.722    ,          , 0.7671      , 
minife.x  , -nx150-ny50-nz50                                          , 1    , 1.0    ,        , 1.3309, 0.5137, 0.3755, 0.6559    , 0.663 ,        , 0.7121    ,           , 0.6876   ,          , 0.662       , 
minife.x  , -nx150-ny75-nz50                                          , 1    , 1.0    ,        , 1.2944, 0.518 , 0.3895, 0.6434    , 0.7359,        , 0.7124    ,           , 0.6885   ,          , 0.6947      , 
minife.x  , -nx150-ny75-nz75                                          , 1    , 1.0    ,        , 1.3053, 0.5367, 0.3695, 0.629     , 0.7834,        , 0.73      ,           , 0.7005   ,          , 0.7182      , 
minife.x  , -nx175-ny100-nz100                                        , 1    , 1.0    ,        , 1.3191, 0.5452, 0.3986, 0.6383    , 0.808 ,        , 0.7368    ,           , 0.707    ,          , 0.8437      , 
minife.x  , -nx175-ny100-nz50                                         , 1    , 1.0    ,        , 1.303 , 0.5274, 0.3918, 0.6409    , 0.7815,        , 0.7151    ,           , 0.6996   ,          , 0.7957      , 
minife.x  , -nx175-ny125-nz125                                        , 1    , 1.0    ,        , 1.3374, 0.555 , 0.3886, 0.6485    , 0.8372,        , 0.7668    ,           , 0.7298   ,          , 0.8376      , 
minife.x  , -nx175-ny125-nz50                                         , 1    , 1.0    ,        , 1.3005, 0.5406, 0.3917, 0.626     , 0.7825,        , 0.7363    ,           , 0.7015   ,          , 0.7626      , 
minife.x  , -nx175-ny150-nz150                                        , 1    , 1.0    ,        , 1.3347, 0.5503, 0.4074, 0.6592    , 0.8472,        , 0.7783    ,           , 0.7161   ,          , 0.8948      , 
minife.x  , -nx175-ny150-nz50                                         , 1    , 1.0    ,        , 1.3541, 0.558 , 0.3902, 0.6562    , 0.8202,        , 0.7618    ,           , 0.7234   ,          , 0.825       , 
minife.x  , -nx175-ny175-nz175                                        , 1    , 1.0    ,        , 1.356 , 0.5552, 0.3896, 0.6545    , 0.8643,        , 0.7817    ,           , 0.729    ,          , 0.8629      , 
minife.x  , -nx175-ny175-nz50                                         , 1    , 1.0    ,        , 1.3617, 0.5469, 0.4148, 0.6513    , 0.8357,        , 0.7728    ,           , 0.7282   ,          , 0.9063      , 
minife.x  , -nx175-ny50-nz50                                          , 1    , 1.0    ,        , 1.3122, 0.5115, 0.3853, 0.6492    , 0.7422,        , 0.7101    ,           , 0.6851   ,          , 0.7808      , 
minife.x  , -nx175-ny75-nz50                                          , 1    , 1.0    ,        , 1.3087, 0.5363, 0.3973, 0.6392    , 0.752 ,        , 0.7086    ,           , 0.6988   ,          , 0.7946      , 
minife.x  , -nx175-ny75-nz75                                          , 1    , 1.0    ,        , 1.3234, 0.5431, 0.4029, 0.64      , 0.7813,        , 0.7378    ,           , 0.7119   ,          , 0.8155      , 
minife.x  , -nx200-ny100-nz100                                        , 1    , 1.0    ,        , 1.3573, 0.5565, 0.406 , 0.6499    , 0.8322,        , 0.7604    ,           , 0.7222   ,          , 0.7463      , 
minife.x  , -nx200-ny100-nz50                                         , 1    , 1.0    ,        , 1.3106, 0.5381, 0.392 , 0.6528    , 0.7628,        , 0.7267    ,           , 0.6959   ,          , 0.7115      , 
minife.x  , -nx200-ny125-nz125                                        , 1    , 1.0    ,        , 1.3544, 0.5497, 0.4053, 0.6475    , 0.8392,        , 0.7693    ,           , 0.7228   ,          , 0.7595      , 
minife.x  , -nx200-ny125-nz50                                         , 1    , 1.0    ,        , 1.3678, 0.5579, 0.3849, 0.6526    , 0.8239,        , 0.7548    ,           , 0.7206   ,          , 0.7359      , 
minife.x  , -nx200-ny150-nz150                                        , 1    , 1.0    ,        , 1.3239, 0.5594, 0.3963, 0.6563    , 0.8586,        , 0.7831    ,           , 0.7326   ,          , 0.8565      , 
minife.x  , -nx200-ny150-nz50                                         , 1    , 1.0    ,        , 1.3608, 0.5541, 0.4114, 0.6527    , 0.8271,        , 0.7584    ,           , 0.7145   ,          , 0.8137      , 
minife.x  , -nx200-ny175-nz175                                        , 1    , 1.0    ,        , 1.3724, 0.5537, 0.4114, 0.6603    , 0.8679,        , 0.7884    ,           , 0.7242   ,          , 0.8545      , 
minife.x  , -nx200-ny175-nz50                                         , 1    , 1.0    ,        , 1.329 , 0.5474, 0.4021, 0.6459    , 0.8107,        , 0.7557    ,           , 0.7071   ,          , 0.8095      , 
minife.x  , -nx200-ny200-nz200                                        , 1    , 1.0    ,        , 1.4122, 0.5874, 0.4304, 0.6932    , 0.9207,        , 0.8292    ,           , 0.7656   ,          , 0.9038      , 
minife.x  , -nx200-ny200-nz50                                         , 1    , 1.0    ,        , 1.3868, 0.5644, 0.4143, 0.6706    , 0.847 ,        , 0.7638    ,           , 0.7305   ,          , 0.7932      , 
minife.x  , -nx200-ny50-nz50                                          , 1    , 1.0    ,        , 1.3006, 0.5175, 0.3629, 0.6441    , 0.7194,        , 0.6941    ,           , 0.6953   ,          , 0.6478      , 
minife.x  , -nx200-ny75-nz50                                          , 1    , 1.0    ,        , 1.3946, 0.5684, 0.4029, 0.6944    , 0.8375,        , 0.7784    ,           , 0.7392   ,          , 0.7666      , 
minife.x  , -nx200-ny75-nz75                                          , 1    , 1.0    ,        , 1.3207, 0.5435, 0.3954, 0.632     , 0.7989,        , 0.7332    ,           , 0.7118   ,          , 0.7263      , 
minife.x  , -nx50-ny50-nz50                                           , 1    , 1.0    , 1.0633 , 1.2745, 0.4786, 0.3453, 0.6431    , 0.5447,        , 0.627     ,           , 0.5839   ,          , 0.6338      , 
minife.x  , -nx50-ny50-nz50                                           , 32   , 1.0    , 0.9778 ,       , 0.3333, 0.3207,           , 0.3278,        ,           ,           ,          ,          ,             , 
minife.x  , -nx75-ny50-nz50                                           , 1    , 1.0    , 1.1424 , 1.3191, 0.5001, 0.3622, 0.6494    , 0.5798,        , 0.6688    ,           , 0.6411   ,          , 0.6851      , 
minife.x  , -nx75-ny50-nz50                                           , 32   , 1.0    , 0.9391 ,       , 0.3327, 0.3099,           , 0.3095,        ,           ,           ,          ,          ,             , 
minife.x  , -nx75-ny75-nz50                                           , 1    , 1.0    ,        , 1.3521, 0.5198, 0.3659, 0.6574    , 0.6583,        , 0.7128    ,           , 0.6798   ,          , 0.7258      , 
minife.x  , -nx75-ny75-nz75                                           , 1    , 1.0    ,        , 1.3076, 0.5126, 0.3802, 0.6454    , 0.749 ,        , 0.6945    ,           , 0.6879   ,          , 0.7165      , 
minivite  , -l-p1-n128                                                , 1    , 1.0    , 2.4398 ,       , 0.1492, 0.1045,           , 0.1052,        , 0.1426    ,           , 0.1485   ,          , 0.1486      , 
minivite  , -l-p1-n16384                                              , 32   , 1.0    , 1.0898 ,       , 0.3846,       ,           , 0.3541, 0.2961 , 0.3424    ,           , 0.4391   ,          , 0.2712      , 
minivite  , -l-p1-n256                                                , 1    , 1.0    , 0.1538 ,       ,       ,       ,           ,       ,        ,           ,           ,          ,          ,             , 
minivite  , -l-p1-n32                                                 , 1    , 1.0    , 1.0851 ,       , 0.1011,       ,           ,       ,        ,           ,           , 0.1004   ,          , 0.1023      , 
minivite  , -l-p1-n4096                                               , 32   , 1.0    , 0.8528 ,       , 0.3842,       ,           , 0.3822, 0.3144 , 0.3505    ,           , 0.4407   ,          , 0.2765      , 
minivite  , -l-p1-n512                                                , 1    , 1.0    , 0.8563 ,       , 0.3292, 0.225 ,           , 0.2273, 0.1702 , 0.3306    ,           , 0.3288   ,          , 0.3221      , 
minivite  , -l-p1-n64                                                 , 1    , 1.0    , 4.1874 ,       , 0.2383, 0.1721,           , 0.1667, 0.1227 , 0.2251    ,           , 0.2351   ,          , 0.2358      , 
minivite  , -l-p1-n8192                                               , 32   , 1.0    , 1.1888 ,       , 0.3739,       ,           , 0.3506, 0.2939 , 0.343     ,           , 0.3256   ,          , 0.2614      , 
minivite  , -l-p2-n128                                                , 1    , 1.0    , 0.7031 ,       , 0.1276,       ,           ,       ,        , 0.1203    ,           , 0.1271   ,          , 0.127       , 
minivite  , -l-p2-n16384                                              , 32   , 1.0    , 0.9287 ,       , 0.3778,       ,           , 0.3421, 0.2953 , 0.3523    ,           , 0.4371   ,          , 0.273       , 
minivite  , -l-p2-n256                                                , 1    , 1.0    , 1.8649 ,       , 0.1501, 0.1093,           , 0.1074,        , 0.1451    ,           , 0.1493   ,          , 0.1503      , 
minivite  , -l-p2-n32                                                 , 1    , 1.0    , 0.9179 ,       , 0.1547, 0.1126,           , 0.1105,        , 0.1429    ,           , 0.155    ,          , 0.1551      , 
minivite  , -l-p2-n4096                                               , 32   , 1.0    , 1.0487 ,       , 0.3422,       ,           , 0.318 , 0.2736 , 0.311     ,           , 0.3906   ,          , 0.2499      , 
minivite  , -l-p2-n512                                                , 1    , 1.0    , 0.9782 ,       , 0.2129, 0.155 ,           , 0.153 , 0.1098 , 0.208     ,           , 0.2129   ,          , 0.2117      , 
minivite  , -l-p2-n64                                                 , 1    , 1.0    , 0.6691 ,       , 0.1251,       ,           ,       ,        , 0.1149    ,           , 0.1256   ,          , 0.1289      , 
minivite  , -l-p2-n8192                                               , 32   , 1.0    , 0.9356 ,       , 0.3608,       ,           , 0.3329, 0.2751 , 0.3195    ,           , 0.3969   ,          , 0.2471      , 
minivite  , -l-p3-n128                                                , 1    , 1.0    , 0.1937 ,       ,       ,       ,           ,       ,        ,           ,           ,          ,          ,             , 
minivite  , -l-p3-n16384                                              , 32   , 1.0    , 0.9002 ,       , 0.3797,       ,           , 0.338 , 0.3011 , 0.3527    ,           , 0.4391   ,          , 0.279       , 
minivite  , -l-p3-n256                                                , 1    , 1.0    , 4.4071 ,       , 0.3628, 0.2579,           , 0.2561, 0.1858 , 0.3292    ,           , 0.3585   ,          , 0.3401      , 
minivite  , -l-p3-n32                                                 , 1    , 1.0    , 1.6862 ,       , 0.1506, 0.1013,           , 0.1063,        , 0.1345    ,           , 0.1444   ,          , 0.1408      , 
minivite  , -l-p3-n4096                                               , 32   , 1.0    , 0.8329 ,       , 0.3533,       ,           , 0.3061, 0.2856 , 0.3248    ,           , 0.4075   ,          , 0.2552      , 
minivite  , -l-p3-n512                                                , 1    , 1.0    , 0.5771 ,       , 0.2233, 0.1435,           , 0.1527, 0.1153 , 0.2064    ,           , 0.2203   ,          , 0.2226      , 
minivite  , -l-p3-n64                                                 , 1    , 1.0    , 1.1458 ,       , 0.1221,       ,           ,       ,        , 0.1147    ,           , 0.1231   ,          , 0.1239      , 
minivite  , -l-p3-n8192                                               , 32   , 1.0    , 0.8329 ,       , 0.3702,       ,           , 0.3345, 0.2996 , 0.3376    ,           , 0.425    ,          , 0.268       , 
minivite  , -l-p4-n128                                                , 1    , 1.0    , 0.4823 ,       , 0.1532,       ,           , 0.1083,        , 0.1403    ,           , 0.1515   ,          , 0.1465      , 
minivite  , -l-p4-n16384                                              , 32   , 1.0    , 1.0134 ,       , 0.3674,       ,           , 0.3306, 0.2694 , 0.3451    ,           , 0.4322   ,          , 0.2383      , 
minivite  , -l-p4-n256                                                , 1    , 1.0    , 0.2199 ,       ,       ,       ,           ,       ,        ,           ,           ,          ,          ,             , 
minivite  , -l-p4-n32                                                 , 1    , 1.0    , 0.2371 ,       ,       ,       ,           ,       ,        ,           ,           ,          ,          ,             , 
minivite  , -l-p4-n4096                                               , 32   , 1.0    , 0.9638 ,       , 0.3984,       ,           , 0.34  , 0.309  , 0.35      ,           , 0.4335   ,          , 0.2692      , 
minivite  , -l-p4-n512                                                , 1    , 1.0    , 0.6101 ,       , 0.2074, 0.1511,           , 0.1458, 0.1073 , 0.1907    ,           , 0.2057   ,          , 0.2066      , 
minivite  , -l-p4-n8192                                               , 32   , 1.0    , 1.0141 ,       , 0.3603,       ,           , 0.3263, 0.2832 , 0.3401    ,           , 0.4189   ,          , 0.2758      , 
minivite  , -l-p5-n128                                                , 1    , 1.0    , 3.1805 ,       , 0.1503, 0.1059,           , 0.1065,        , 0.1432    ,           , 0.1501   ,          , 0.1535      , 
minivite  , -l-p5-n16384                                              , 32   , 1.0    , 1.0288 ,       , 0.3706,       ,           , 0.3273, 0.2947 , 0.3437    ,           , 0.4235   ,          , 0.2601      , 
minivite  , -l-p5-n256                                                , 1    , 1.0    , 1.0752 ,       , 0.1973, 0.1439,           , 0.1406, 0.1027 , 0.181     ,           , 0.1965   ,          , 0.1975      , 
minivite  , -l-p5-n32                                                 , 1    , 1.0    , 0.8186 ,       ,       ,       ,           ,       ,        ,           ,           ,          ,          ,             , 
minivite  , -l-p5-n4096                                               , 32   , 1.0    , 0.9376 ,       , 0.3666,       ,           , 0.3643, 0.3029 , 0.3504    ,           , 0.4329   ,          , 0.2391      , 
minivite  , -l-p5-n512                                                , 1    , 1.0    , 0.5548 ,       , 0.2216, 0.1612,           , 0.1567, 0.1155 , 0.2076    ,           , 0.2202   ,          , 0.2009      , 
minivite  , -l-p5-n64                                                 , 1    , 1.0    , 0.353  ,       ,       ,       ,           ,       ,        ,           ,           ,          ,          ,             , 
minivite  , -l-p5-n8192                                               , 32   , 1.0    , 0.7985 ,       , 0.352 ,       ,           , 0.3312, 0.2517 , 0.3267    ,           , 0.4075   ,          , 0.2547      , 
minivite  , -l-p6-n128                                                , 1    , 1.0    , 1.5439 ,       , 0.3075, 0.2219,           , 0.2176, 0.1582 , 0.298     ,           , 0.3069   ,          , 0.2807      , 
minivite  , -l-p6-n16384                                              , 32   , 1.0    , 1.1366 ,       , 0.3764,       ,           , 0.335 , 0.3067 , 0.3499    ,           , 0.4282   ,          , 0.2598      , 
minivite  , -l-p6-n256                                                , 1    , 1.0    , 2.0487 ,       , 0.3054, 0.2193,           , 0.2165, 0.1563 , 0.2882    ,           , 0.3024   ,          , 0.3027      , 
minivite  , -l-p6-n32                                                 , 1    , 1.0    , 0.6515 ,       , 0.102 ,       ,           ,       ,        ,           ,           , 0.1009   ,          ,             , 
minivite  , -l-p6-n4096                                               , 32   , 1.0    , 1.1067 ,       , 0.3458,       ,           , 0.3411, 0.3067 , 0.3516    ,           , 0.442    ,          , 0.2761      , 
minivite  , -l-p6-n512                                                , 1    , 1.0    , 0.955  ,       , 0.2319, 0.1688,           , 0.1677, 0.1211 , 0.2248    ,           , 0.2339   ,          , 0.2177      , 
minivite  , -l-p6-n64                                                 , 1    , 1.0    , 0.7659 ,       ,       ,       ,           ,       ,        ,           ,           ,          ,          ,             , 
minivite  , -l-p6-n8192                                               , 32   , 1.0    , 0.9506 ,       , 0.3691,       ,           , 0.3391, 0.2817 , 0.3267    ,           , 0.3106   ,          , 0.248       , 
minivite  , -l-p7-n128                                                , 1    , 1.0    , 0.2864 ,       ,       ,       ,           ,       ,        ,           ,           ,          ,          ,             , 
minivite  , -l-p7-n16384                                              , 32   , 1.0    , 0.9971 ,       , 0.3736,       ,           , 0.3601, 0.2815 , 0.3561    ,           , 0.4321   ,          , 0.2599      , 
minivite  , -l-p7-n256                                                , 1    , 1.0    , 2.101  ,       , 0.2877, 0.2079,           , 0.2053, 0.1484 , 0.2757    ,           , 0.2854   ,          , 0.2889      , 
minivite  , -l-p7-n32                                                 , 1    , 1.0    , 0.5018 ,       ,       ,       ,           ,       ,        ,           ,           ,          ,          ,             , 
minivite  , -l-p7-n4096                                               , 32   , 1.0    , 0.8336 ,       , 0.3485,       ,           , 0.3095, 0.2845 , 0.3232    ,           , 0.4075   ,          , 0.2555      , 
minivite  , -l-p7-n512                                                , 1    , 1.0    , 1.1981 ,       , 0.2286, 0.1613,           , 0.1655, 0.1188 , 0.2136    ,           , 0.23     ,          , 0.222       , 
minivite  , -l-p7-n64                                                 , 1    , 1.0    , 0.5533 ,       , 0.182 , 0.1315,           , 0.13  ,        , 0.1759    ,           , 0.1806   ,          , 0.1824      , 
minivite  , -l-p7-n8192                                               , 32   , 1.0    , 0.6636 ,       , 0.3541,       ,           , 0.357 , 0.2854 , 0.3266    ,           , 0.4119   ,          , 0.2357      , 
minivite  , -l-p8-n128                                                , 1    , 1.0    , 0.7115 ,       , 0.1258,       ,           ,       ,        , 0.1159    ,           , 0.1263   ,          , 0.1184      , 
minivite  , -l-p8-n16384                                              , 32   , 1.0    , 1.009  ,       , 0.3744,       ,           , 0.375 , 0.2948 , 0.3485    ,           , 0.4257   ,          , 0.26        , 
minivite  , -l-p8-n256                                                , 1    , 1.0    , 2.285  ,       , 0.2351, 0.1699,           , 0.1666, 0.1198 , 0.2259    ,           , 0.233    ,          , 0.2314      , 
minivite  , -l-p8-n32                                                 , 1    , 1.0    , 1.1038 ,       , 0.1447, 0.1025,           , 0.1025,        , 0.1348    ,           , 0.1447   ,          , 0.1397      , 
minivite  , -l-p8-n4096                                               , 32   , 1.0    , 0.9721 ,       , 0.3161,       ,           , 0.3208, 0.2645 , 0.3027    ,           , 0.3773   ,          , 0.2234      , 
minivite  , -l-p8-n512                                                , 1    , 1.0    , 0.9935 ,       , 0.2888, 0.2055,           , 0.2027, 0.1524 , 0.2797    ,           , 0.292    ,          , 0.2934      , 
minivite  , -l-p8-n64                                                 , 1    , 1.0    , 0.673  ,       , 0.1014,       ,           ,       ,        ,           ,           , 0.1012   ,          , 0.1017      , 
minivite  , -l-p8-n8192                                               , 32   , 1.0    , 1.0367 ,       , 0.3505,       ,           , 0.3435, 0.2991 , 0.3431    ,           , 0.4263   ,          , 0.2183      , 
minivite  , -l-p9-n128                                                , 1    , 1.0    , 0.2044 ,       ,       ,       ,           ,       ,        ,           ,           ,          ,          ,             , 
minivite  , -l-p9-n16384                                              , 32   , 1.0    , 0.9022 ,       , 0.3689,       ,           , 0.3327, 0.2907 , 0.3507    ,           , 0.4312   ,          , 0.2661      , 
minivite  , -l-p9-n256                                                , 1    , 1.0    , 9.2501 ,       , 0.3651, 0.2637,           , 0.258 , 0.1878 , 0.3389    ,           , 0.3615   ,          , 0.361       , 
minivite  , -l-p9-n32                                                 , 1    , 1.0    , 0.5627 ,       ,       ,       ,           ,       ,        ,           ,           ,          ,          ,             , 
minivite  , -l-p9-n4096                                               , 32   , 1.0    , 0.9401 ,       , 0.3362,       ,           , 0.3191, 0.2582 , 0.3107    ,           , 0.3947   ,          , 0.2462      , 
minivite  , -l-p9-n512                                                , 1    , 1.0    , 1.967  ,       , 0.5079, 0.3707,           , 0.3687, 0.2629 , 0.5187    ,           , 0.5084   ,          , 0.5007      , 
minivite  , -l-p9-n64                                                 , 1    , 1.0    , 0.3352 ,       ,       ,       ,           ,       ,        ,           ,           ,          ,          , 0.1001      , 
minivite  , -l-p9-n8192                                               , 32   , 1.0    , 0.9884 ,       , 0.3455,       ,           , 0.3065, 0.2806 , 0.3173    ,           , 0.4023   ,          , 0.2442      , 
minivite  , -p1-n128                                                  , 1    , 1.0    , 0.6798 ,       , 0.1249,       ,           ,       ,        , 0.1186    ,           , 0.1238   ,          , 0.1239      , 
minivite  , -p1-n16384                                                , 32   , 1.0    , 1.0352 ,       , 0.375 ,       ,           , 0.3498, 0.2706 , 0.351     ,           , 0.4312   ,          , 0.2665      , 
minivite  , -p1-n256                                                  , 1    , 1.0    , 0.8085 ,       , 0.1371, 0.1012,           ,       ,        , 0.1332    ,           , 0.1378   ,          , 0.1371      , 
minivite  , -p1-n32                                                   , 1    , 1.0    , 0.6865 ,       ,       ,       ,           ,       ,        ,           ,           ,          ,          ,             , 
minivite  , -p1-n4096                                                 , 32   , 1.0    , 1.0007 ,       , 0.3513,       ,           , 0.3163, 0.2737 , 0.3143    ,           , 0.3903   ,          , 0.1855      , 
minivite  , -p1-n512                                                  , 1    , 1.0    , 0.7114 ,       , 0.3119, 0.2254,           , 0.2125, 0.1613 , 0.2857    ,           , 0.3097   ,          , 0.3105      , 
minivite  , -p1-n64                                                   , 1    , 1.0    , 0.7529 ,       , 0.1016,       ,           ,       ,        ,           ,           , 0.101    ,          , 0.1011      , 
minivite  , -p1-n8192                                                 , 32   , 1.0    , 1.0907 ,       , 0.3851,       ,           , 0.3547, 0.3102 , 0.3311    ,           , 0.4381   ,          , 0.2654      , 
minivite  , -p2-n128                                                  , 1    , 1.0    , 1.538  ,       , 0.1738, 0.1265,           , 0.1232,        , 0.166     ,           , 0.1728   ,          , 0.1768      , 
minivite  , -p2-n16384                                                , 32   , 1.0    , 0.8534 ,       , 0.3776,       ,           , 0.3272, 0.2819 , 0.3331    ,           , 0.4095   ,          , 0.2156      , 
minivite  , -p2-n256                                                  , 1    , 1.0    , 1.4039 ,       , 0.3809, 0.1746,           , 0.2762, 0.1978 , 0.3571    ,           , 0.3836   ,          , 0.3895      , 
minivite  , -p2-n32                                                   , 1    , 1.0    , 0.8718 ,       ,       ,       ,           ,       ,        ,           ,           ,          ,          ,             , 
minivite  , -p2-n4096                                                 , 32   , 1.0    , 0.9146 ,       , 0.3513,       ,           , 0.3157, 0.2881 , 0.3207    ,           , 0.4049   ,          , 0.2533      , 
minivite  , -p2-n512                                                  , 1    , 1.0    , 1.051  ,       , 0.2486, 0.1793,           , 0.1767, 0.1276 , 0.229     ,           , 0.2457   ,          , 0.2039      , 
minivite  , -p2-n64                                                   , 1    , 1.0    , 0.9679 ,       ,       ,       ,           ,       ,        ,           ,           ,          ,          ,             , 
minivite  , -p2-n8192                                                 , 32   , 1.0    , 0.8752 ,       , 0.3293,       ,           , 0.3055, 0.2291 , 0.2941    ,           , 0.373    ,          , 0.1948      , 
minivite  , -p3-n128                                                  , 1    , 1.0    , 1.8587 ,       , 0.187 , 0.1368,           , 0.135 ,        , 0.1748    ,           , 0.1874   ,          , 0.1705      , 
minivite  , -p3-n16384                                                , 32   , 1.0    , 1.0363 ,       , 0.3811,       ,           , 0.343 , 0.3043 , 0.3431    ,           , 0.4324   ,          , 0.2526      , 
minivite  , -p3-n256                                                  , 1    , 1.0    , 1.2114 ,       , 0.2318, 0.1671,           , 0.1605, 0.1201 , 0.2116    ,           , 0.2294   ,          , 0.2334      , 
minivite  , -p3-n32                                                   , 1    , 1.0    , 0.7473 ,       , 0.104 ,       ,           ,       ,        ,           ,           , 0.1034   ,          , 0.1044      , 
minivite  , -p3-n4096                                                 , 32   , 1.0    , 0.8193 ,       , 0.3881,       ,           , 0.3458, 0.3189 , 0.3628    ,           , 0.4511   ,          , 0.2883      , 
minivite  , -p3-n512                                                  , 1    , 1.0    , 1.3865 ,       , 0.4919, 0.3572,           , 0.3536, 0.2568 , 0.5028    ,           , 0.4928   ,          , 0.5037      , 
minivite  , -p3-n64                                                   , 1    , 1.0    , 2.3236 ,       , 0.2459, 0.1776,           , 0.1676, 0.1275 , 0.2361    ,           , 0.244    ,          , 0.2479      , 
minivite  , -p3-n8192                                                 , 32   , 1.0    , 0.9848 ,       , 0.3665,       ,           , 0.3499, 0.2856 , 0.3211    ,           , 0.4058   ,          , 0.256       , 
minivite  , -p4-n128                                                  , 1    , 1.0    , 0.7654 ,       , 0.234 , 0.1676,           , 0.1656, 0.1195 , 0.2139    ,           , 0.2328   ,          , 0.2197      , 
minivite  , -p4-n16384                                                , 32   , 1.0    , 0.9777 ,       , 0.3786,       ,           , 0.3406, 0.304  , 0.345     ,           , 0.4369   ,          , 0.271       , 
minivite  , -p4-n256                                                  , 1    , 1.0    , 1.4085 ,       , 0.2348, 0.1714,           , 0.1666, 0.1223 , 0.2249    ,           , 0.2367   ,          , 0.2409      , 
minivite  , -p4-n32                                                   , 1    , 1.0    , 0.5598 ,       ,       ,       ,           ,       ,        ,           ,           ,          ,          ,             , 
minivite  , -p4-n4096                                                 , 32   , 1.0    , 1.0828 ,       , 0.3851,       ,           , 0.3357, 0.3022 , 0.3407    ,           , 0.4301   ,          , 0.2685      , 
minivite  , -p4-n512                                                  , 1    , 1.0    , 1.1121 ,       , 0.1524, 0.1099,           , 0.1088,        , 0.1401    ,           , 0.1515   ,          , 0.148       , 
minivite  , -p4-n64                                                   , 1    , 1.0    , 1.445  ,       , 0.1753, 0.1291,           , 0.1263,        , 0.1709    ,           , 0.1775   ,          , 0.1764      , 
minivite  , -p4-n8192                                                 , 32   , 1.0    , 1.0112 ,       , 0.3655,       ,           , 0.3335, 0.29   , 0.3293    ,           , 0.4193   ,          , 0.2626      , 
minivite  , -p5-n128                                                  , 1    , 1.0    , 2.4041 ,       , 0.1518, 0.1111,           , 0.1078,        , 0.1455    ,           , 0.1506   ,          , 0.1469      , 
minivite  , -p5-n16384                                                , 32   , 1.0    , 0.759  ,       , 0.3821,       ,           , 0.3542, 0.3006 , 0.3452    ,           , 0.4305   ,          , 0.2677      , 
minivite  , -p5-n256                                                  , 1    , 1.0    , 4.0012 ,       , 0.3423, 0.2489,           , 0.2438, 0.1773 , 0.3306    ,           , 0.3407   ,          , 0.3373      , 
minivite  , -p5-n32                                                   , 1    , 1.0    , 4.9415 ,       , 0.3151, 0.2279,           , 0.223 , 0.1619 , 0.2912    ,           , 0.3113   ,          , 0.3129      , 
minivite  , -p5-n4096                                                 , 32   , 1.0    , 1.3648 ,       , 0.3864,       ,           , 0.3235, 0.2964 , 0.3373    ,           , 0.4233   ,          , 0.2619      , 
minivite  , -p5-n512                                                  , 1    , 1.0    , 0.9938 ,       , 0.3628, 0.2624,           , 0.2601, 0.1885 , 0.3497    ,           , 0.3628   ,          , 0.3341      , 
minivite  , -p5-n64                                                   , 1    , 1.0    , 2.7858 ,       , 0.1237,       ,           ,       ,        , 0.119     ,           , 0.1224   ,          , 0.1104      , 
minivite  , -p5-n8192                                                 , 32   , 1.0    , 1.0062 ,       , 0.3344,       ,           , 0.3203, 0.2734 , 0.3108    ,           , 0.3907   ,          , 0.2427      , 
minivite  , -p6-n128                                                  , 1    , 1.0    , 1.6319 ,       , 0.1759, 0.1261,           , 0.1244,        , 0.1614    ,           , 0.1742   ,          , 0.1751      , 
minivite  , -p6-n16384                                                , 32   , 1.0    , 0.8586 ,       , 0.3654,       ,           , 0.3394, 0.2892 , 0.3358    ,           , 0.4184   ,          , 0.2632      , 
minivite  , -p6-n256                                                  , 1    , 1.0    , 5.1435 ,       , 0.2086, 0.1515,           , 0.1491, 0.1054 , 0.1925    ,           , 0.1258   ,          , 0.209       , 
minivite  , -p6-n32                                                   , 1    , 1.0    , 1.7082 ,       ,       ,       ,           ,       ,        ,           ,           ,          ,          ,             , 
minivite  , -p6-n4096                                                 , 32   , 1.0    , 1.0651 ,       , 0.3606,       ,           , 0.3488, 0.2995 , 0.3317    ,           , 0.3673   ,          , 0.2639      , 
minivite  , -p6-n512                                                  , 1    , 1.0    , 1.4977 ,       , 0.3248, 0.2365,           , 0.2261, 0.1679 , 0.286     ,           , 0.3233   ,          , 0.317       , 
minivite  , -p6-n64                                                   , 1    , 1.0    , 1.2338 ,       ,       ,       ,           ,       ,        ,           ,           ,          ,          ,             , 
minivite  , -p6-n8192                                                 , 32   , 1.0    , 1.1688 ,       , 0.3654,       ,           , 0.3355, 0.2879 , 0.3315    ,           , 0.413    ,          , 0.2585      , 
minivite  , -p7-n128                                                  , 1    , 1.0    , 1.0173 ,       , 0.1273,       ,           ,       ,        , 0.117     ,           ,          ,          , 0.1287      , 
minivite  , -p7-n16384                                                , 32   , 1.0    , 1.0124 ,       , 0.3803,       ,           , 0.3647, 0.3133 , 0.3518    ,           , 0.3356   ,          , 0.2771      , 
minivite  , -p7-n256                                                  , 1    , 1.0    , 1.0158 ,       , 0.1958, 0.1425,           , 0.1367, 0.1014 , 0.1776    ,           , 0.1951   ,          , 0.1906      , 
minivite  , -p7-n32                                                   , 1    , 1.0    , 0.8726 ,       , 0.1195,       ,           ,       ,        , 0.1158    ,           , 0.1198   ,          , 0.1207      , 
minivite  , -p7-n4096                                                 , 32   , 1.0    , 1.1509 ,       , 0.3799,       ,           , 0.3417, 0.2897 , 0.3364    ,           , 0.4188   ,          , 0.2662      , 
minivite  , -p7-n512                                                  , 1    , 1.0    , 0.5392 ,       , 0.287 , 0.2085,           , 0.2074, 0.1494 , 0.278     ,           , 0.2883   ,          , 0.2874      , 
minivite  , -p7-n64                                                   , 1    , 1.0    , 1.2106 ,       , 0.2321, 0.1682,           , 0.1631, 0.1193 , 0.2081    ,           , 0.2299   ,          , 0.2302      , 
minivite  , -p7-n8192                                                 , 32   , 1.0    , 0.9865 ,       , 0.3685,       ,           , 0.3539, 0.2994 , 0.3363    ,           , 0.4125   ,          , 0.2385      , 
minivite  , -p8-n128                                                  , 1    , 1.0    , 0.4394 ,       , 0.1001,       ,           ,       ,        ,           ,           , 0.1005   ,          ,             , 
minivite  , -p8-n16384                                                , 32   , 1.0    , 0.9645 ,       , 0.3877,       ,           , 0.357 , 0.3089 , 0.3474    ,           , 0.4348   ,          , 0.2672      , 
minivite  , -p8-n256                                                  , 1    , 1.0    , 0.8411 ,       , 0.1549, 0.1124,           ,       ,        , 0.1503    ,           , 0.1556   ,          , 0.1519      , 
minivite  , -p8-n32                                                   , 1    , 1.0    , 0.7837 ,       ,       ,       ,           ,       ,        ,           ,           ,          ,          ,             , 
minivite  , -p8-n4096                                                 , 32   , 1.0    , 1.032  ,       , 0.3674,       ,           , 0.343 , 0.2961 , 0.3342    ,           , 0.3268   ,          , 0.2663      , 
minivite  , -p8-n512                                                  , 1    , 1.0    , 0.7123 ,       , 0.3041, 0.2208,           , 0.2098, 0.157  , 0.2924    ,           , 0.3027   ,          , 0.2999      , 
minivite  , -p8-n64                                                   , 1    , 1.0    , 1.1099 ,       , 0.138 ,       ,           ,       ,        , 0.128     ,           ,          ,          , 0.1358      , 
minivite  , -p8-n8192                                                 , 32   , 1.0    , 0.9456 ,       , 0.3696,       ,           , 0.339 , 0.2915 , 0.3266    ,           , 0.3141   ,          , 0.2547      , 
minivite  , -p9-n128                                                  , 1    , 1.0    , 1.4527 ,       , 0.1233, 0.1158,           , 0.1103,        , 0.1513    ,           , 0.1579   ,          , 0.1574      , 
minivite  , -p9-n16384                                                , 32   , 1.0    , 0.9415 ,       , 0.3633,       ,           , 0.3464, 0.294  , 0.3309    ,           , 0.4156   ,          , 0.2608      , 
minivite  , -p9-n256                                                  , 1    , 1.0    , 0.9626 ,       , 0.1467, 0.1029,           , 0.1215,        , 0.1626    ,           , 0.1707   ,          , 0.1645      , 
minivite  , -p9-n32                                                   , 1    , 1.0    , 0.273  ,       ,       ,       ,           ,       ,        ,           ,           ,          ,          ,             , 
minivite  , -p9-n4096                                                 , 32   , 1.0    , 1.0228 ,       , 0.3544,       ,           , 0.3441, 0.2837 , 0.3251    ,           , 0.406    ,          , 0.2287      , 
minivite  , -p9-n512                                                  , 1    , 1.0    , 1.0449 ,       , 0.422 , 0.307 ,           , 0.3026, 0.2211 , 0.3919    ,           , 0.4263   ,          , 0.3439      , 
minivite  , -p9-n64                                                   , 1    , 1.0    , 0.1017 ,       ,       ,       ,           ,       ,        ,           ,           ,          ,          ,             , 
minivite  , -p9-n8192                                                 , 32   , 1.0    , 0.9152 ,       , 0.3434,       ,           , 0.3133, 0.2683 , 0.2903    ,           , 0.3823   ,          , 0.2307      , 
minivite  , -w-l-p1-n128                                              , 1    , 1.0    , 2.0744 ,       , 0.1827, 0.1318,           , 0.13  ,        , 0.1724    ,           , 0.1826   ,          , 0.1451      , 
minivite  , -w-l-p1-n16384                                            , 32   , 1.0    , 0.8998 ,       , 0.3855,       ,           , 0.3619, 0.3098 , 0.3544    ,           , 0.4368   ,          , 0.2769      , 
minivite  , -w-l-p1-n256                                              , 1    , 1.0    , 0.6203 ,       , 0.1181,       ,           ,       ,        , 0.1101    ,           , 0.1185   ,          , 0.1174      , 
minivite  , -w-l-p1-n32                                               , 1    , 1.0    , 2.8235 ,       , 0.1774, 0.1286,           , 0.1261,        , 0.1597    ,           , 0.1762   ,          , 0.1804      , 
minivite  , -w-l-p1-n4096                                             , 32   , 1.0    , 0.7399 ,       , 0.3516,       ,           , 0.3256, 0.276  , 0.3128    ,           , 0.395    ,          , 0.2472      , 
minivite  , -w-l-p1-n512                                              , 1    , 1.0    , 0.4526 ,       , 0.2   , 0.1467,           , 0.1441, 0.1042 , 0.1915    ,           , 0.2003   ,          , 0.191       , 
minivite  , -w-l-p1-n64                                               , 1    , 1.0    , 0.484  ,       ,       ,       ,           ,       ,        ,           ,           ,          ,          ,             , 
minivite  , -w-l-p1-n8192                                             , 32   , 1.0    , 0.914  ,       , 0.3723,       ,           , 0.3439, 0.2547 , 0.3283    ,           , 0.3547   ,          , 0.2702      , 
minivite  , -w-l-p2-n128                                              , 1    , 1.0    , 1.7364 ,       , 0.2621, 0.1902,           , 0.1856, 0.1319 , 0.2432    ,           , 0.2633   ,          , 0.2607      , 
minivite  , -w-l-p2-n16384                                            , 32   , 1.0    , 1.0092 ,       , 0.379 ,       ,           , 0.3513, 0.2958 , 0.3351    ,           , 0.401    ,          , 0.2633      , 
minivite  , -w-l-p2-n256                                              , 1    , 1.0    , 0.273  ,       ,       ,       ,           ,       ,        ,           ,           ,          ,          ,             , 
minivite  , -w-l-p2-n32                                               , 1    , 1.0    , 0.5841 ,       , 0.1168,       ,           ,       ,        , 0.1038    ,           , 0.1165   ,          , 0.11        , 
minivite  , -w-l-p2-n4096                                             , 32   , 1.0    , 1.1548 ,       , 0.4063,       ,           , 0.3648, 0.3186 , 0.356     ,           , 0.3476   ,          , 0.2858      , 
minivite  , -w-l-p2-n512                                              , 1    , 1.0    , 1.1808 ,       , 0.1809, 0.144 ,           , 0.1428,        , 0.1996    ,           , 0.198    ,          , 0.1921      , 
minivite  , -w-l-p2-n64                                               , 1    , 1.0    , 0.7143 ,       , 0.1174,       ,           ,       ,        , 0.1125    ,           , 0.118    ,          , 0.1191      , 
minivite  , -w-l-p2-n8192                                             , 32   , 1.0    , 0.8987 ,       , 0.3835,       ,           , 0.362 , 0.3121 , 0.3505    ,           , 0.4416   ,          , 0.2773      , 
minivite  , -w-l-p3-n128                                              , 1    , 1.0    , 0.3468 ,       ,       ,       ,           ,       ,        ,           ,           ,          ,          ,             , 
minivite  , -w-l-p3-n16384                                            , 32   , 1.0    , 0.9265 ,       , 0.3968,       ,           , 0.4031, 0.3211 , 0.3609    ,           , 0.4607   ,          , 0.2909      , 
minivite  , -w-l-p3-n256                                              , 1    , 1.0    , 0.4551 ,       , 0.1396, 0.1026,           , 0.1012,        , 0.1296    ,           , 0.1407   ,          , 0.141       , 
minivite  , -w-l-p3-n32                                               , 1    , 1.0    , 0.2712 ,       ,       ,       ,           ,       ,        ,           ,           ,          ,          ,             , 
minivite  , -w-l-p3-n4096                                             , 32   , 1.0    , 0.9196 ,       , 0.3788,       ,           , 0.3447, 0.3068 , 0.3391    ,           , 0.3125   ,          , 0.2664      , 
minivite  , -w-l-p3-n512                                              , 1    , 1.0    , 0.6765 ,       , 0.2295, 0.1651,           , 0.1643, 0.1182 , 0.2089    ,           , 0.227    ,          , 0.2254      , 
minivite  , -w-l-p3-n64                                               , 1    , 1.0    , 0.4387 ,       , 0.1029,       ,           ,       ,        ,           ,           , 0.1028   ,          , 0.1026      , 
minivite  , -w-l-p3-n8192                                             , 32   , 1.0    , 0.9421 ,       , 0.3749,       ,           , 0.3491, 0.2968 , 0.3341    ,           , 0.4167   ,          , 0.2645      , 
minivite  , -w-l-p4-n128                                              , 1    , 1.0    , 1.1088 ,       , 0.1321,       ,           ,       ,        , 0.1207    ,           , 0.1314   ,          , 0.1304      , 
minivite  , -w-l-p4-n16384                                            , 32   , 1.0    , 1.0653 ,       , 0.3764,       ,           , 0.3341, 0.2978 , 0.3348    ,           , 0.4195   ,          , 0.2587      , 
minivite  , -w-l-p4-n256                                              , 1    , 1.0    , 2.01   ,       , 0.4304, 0.3129,           , 0.3055, 0.2223 , 0.4151    ,           , 0.4308   ,          , 0.4271      , 
minivite  , -w-l-p4-n32                                               , 1    , 1.0    , 1.1567 ,       , 0.1273,       ,           ,       ,        , 0.1136    ,           , 0.1267   ,          , 0.1274      , 
minivite  , -w-l-p4-n4096                                             , 32   , 1.0    , 1.0119 ,       , 0.3703,       ,           , 0.3376, 0.2889 , 0.3182    ,           , 0.4139   ,          , 0.2541      , 
minivite  , -w-l-p4-n512                                              , 1    , 1.0    , 0.5878 ,       , 0.2075, 0.1402,           , 0.1475, 0.1074 , 0.1896    ,           , 0.1985   ,          , 0.2049      , 
minivite  , -w-l-p4-n64                                               , 1    , 1.0    , 2.5226 ,       , 0.3259, 0.1981,           , 0.232 , 0.1666 , 0.2905    ,           , 0.3236   ,          , 0.3245      , 
minivite  , -w-l-p4-n8192                                             , 32   , 1.0    , 0.9857 ,       , 0.3686,       ,           , 0.3228, 0.2721 , 0.3246    ,           , 0.4114   ,          , 0.2121      , 
minivite  , -w-l-p5-n128                                              , 1    , 1.0    , 0.6327 ,       , 0.1039,       ,           ,       ,        ,           ,           , 0.1037   ,          , 0.1034      , 
minivite  , -w-l-p5-n16384                                            , 32   , 1.0    , 0.7514 ,       , 0.3965,       ,           , 0.348 , 0.3061 , 0.3576    ,           , 0.4405   ,          , 0.2555      , 
minivite  , -w-l-p5-n256                                              , 1    , 1.0    , 2.7213 ,       , 0.2352, 0.1711,           , 0.1699, 0.1225 , 0.2164    ,           , 0.2361   ,          , 0.2298      , 
minivite  , -w-l-p5-n32                                               , 1    , 1.0    , 0.5882 ,       , 0.1053,       ,           ,       ,        ,           ,           , 0.1059   ,          , 0.1038      , 
minivite  , -w-l-p5-n4096                                             , 32   , 1.0    , 0.976  ,       , 0.36  ,       ,           , 0.3384, 0.2815 , 0.3304    ,           , 0.4221   ,          , 0.2527      , 
minivite  , -w-l-p5-n512                                              , 1    , 1.0    , 0.6182 ,       , 0.1424, 0.104 ,           , 0.1028,        , 0.1308    ,           , 0.1441   ,          , 0.1387      , 
minivite  , -w-l-p5-n64                                               , 1    , 1.0    , 0.7268 ,       ,       ,       ,           ,       ,        ,           ,           ,          ,          ,             , 
minivite  , -w-l-p5-n8192                                             , 32   , 1.0    , 0.9524 ,       , 0.3538,       ,           , 0.3205, 0.282  , 0.313     ,           , 0.3468   ,          , 0.2449      , 
minivite  , -w-l-p6-n128                                              , 1    , 1.0    , 0.5137 ,       , 0.1232,       ,           ,       ,        , 0.1144    ,           , 0.1241   ,          , 0.1228      , 
minivite  , -w-l-p6-n16384                                            , 32   , 1.0    , 0.9681 ,       , 0.3874,       ,           , 0.3442, 0.2959 , 0.3403    ,           , 0.4264   ,          , 0.2251      , 
minivite  , -w-l-p6-n256                                              , 1    , 1.0    , 0.4929 ,       , 0.1986, 0.1442,           , 0.1355, 0.1028 , 0.1891    ,           , 0.1988   ,          , 0.1939      , 
minivite  , -w-l-p6-n32                                               , 1    , 1.0    , 0.1719 ,       ,       ,       ,           ,       ,        ,           ,           ,          ,          ,             , 
minivite  , -w-l-p6-n4096                                             , 32   , 1.0    , 0.7843 ,       , 0.3729,       ,           , 0.2924, 0.2985 , 0.3295    ,           , 0.4186   ,          , 0.2568      , 
minivite  , -w-l-p6-n512                                              , 1    , 1.0    , 0.8757 ,       , 0.2176, 0.1587,           , 0.1579, 0.1138 , 0.2097    ,           , 0.2177   ,          , 0.2216      , 
minivite  , -w-l-p6-n64                                               , 1    , 1.0    , 3.0111 ,       , 0.1329,       ,           ,       ,        , 0.1248    ,           , 0.1331   ,          , 0.1352      , 
minivite  , -w-l-p6-n8192                                             , 32   , 1.0    , 0.9615 ,       , 0.3525,       ,           , 0.2942, 0.2862 , 0.3242    ,           , 0.412    ,          , 0.2503      , 
minivite  , -w-l-p7-n128                                              , 1    , 1.0    , 0.4822 ,       , 0.1277,       ,           ,       ,        , 0.118     ,           , 0.1269   ,          , 0.1274      , 
minivite  , -w-l-p7-n16384                                            , 32   , 1.0    , 1.1199 ,       , 0.3469,       ,           , 0.2864, 0.2852 , 0.3146    ,           , 0.2803   ,          , 0.238       , 
minivite  , -w-l-p7-n256                                              , 1    , 1.0    , 1.1264 ,       , 0.2396, 0.109 ,           , 0.1698, 0.1226 , 0.2322    ,           , 0.2385   ,          , 0.2347      , 
minivite  , -w-l-p7-n32                                               , 1    , 1.0    , 1.6471 ,       , 0.2155, 0.1565,           , 0.1471, 0.1094 , 0.2079    ,           , 0.2159   ,          , 0.214       , 
minivite  , -w-l-p7-n4096                                             , 32   , 1.0    , 0.9862 ,       , 0.3674,       ,           , 0.2908, 0.2839 , 0.3191    ,           , 0.4013   ,          , 0.2207      , 
minivite  , -w-l-p7-n512                                              , 1    , 1.0    , 0.8594 ,       , 0.2012, 0.145 ,           , 0.1439, 0.1043 , 0.1859    ,           , 0.2011   ,          , 0.1968      , 
minivite  , -w-l-p7-n64                                               , 1    , 1.0    , 0.7305 ,       , 0.1075,       ,           ,       ,        , 0.1097    ,           , 0.1079   ,          , 0.1084      , 
minivite  , -w-l-p7-n8192                                             , 32   , 1.0    , 1.0125 ,       , 0.3768,       ,           , 0.3445, 0.2685 , 0.3347    ,           , 0.3672   ,          , 0.2676      , 
minivite  , -w-l-p8-n128                                              , 1    , 1.0    , 0.9797 ,       , 0.2195, 0.1595,           , 0.1576, 0.1137 , 0.1998    ,           , 0.2192   ,          , 0.2205      , 
minivite  , -w-l-p8-n16384                                            , 32   , 1.0    , 0.7422 ,       , 0.3837,       ,           , 0.3483, 0.2994 , 0.352     ,           , 0.4382   ,          , 0.2685      , 
minivite  , -w-l-p8-n256                                              , 1    , 1.0    , 1.1424 ,       , 0.2396, 0.1772,           , 0.1745, 0.125  , 0.2233    ,           , 0.2432   ,          , 0.2427      , 
minivite  , -w-l-p8-n32                                               , 1    , 1.0    , 1.2391 ,       , 0.1226,       ,           ,       ,        , 0.1136    ,           , 0.1229   ,          , 0.1253      , 
minivite  , -w-l-p8-n4096                                             , 32   , 1.0    , 1.0982 ,       , 0.3601,       ,           , 0.3303, 0.2882 , 0.3258    ,           , 0.4063   ,          , 0.2266      , 
minivite  , -w-l-p8-n512                                              , 1    , 1.0    , 0.5321 ,       , 0.2213, 0.1601,           , 0.1515, 0.1153 , 0.2127    ,           , 0.2197   ,          , 0.2203      , 
minivite  , -w-l-p8-n64                                               , 1    , 1.0    , 0.3624 ,       , 0.1266,       ,           ,       ,        , 0.1152    ,           , 0.1265   ,          , 0.124       , 
minivite  , -w-l-p8-n8192                                             , 32   , 1.0    , 1.0262 ,       , 0.3816,       ,           , 0.3518, 0.2658 , 0.331     ,           , 0.3876   ,          , 0.225       , 
minivite  , -w-l-p9-n128                                              , 1    , 1.0    , 0.7694 ,       , 0.1282,       ,           ,       ,        , 0.1178    ,           , 0.1275   ,          , 0.1259      , 
minivite  , -w-l-p9-n16384                                            , 32   , 1.0    , 0.8992 ,       , 0.3413,       ,           , 0.3249, 0.2826 , 0.3098    ,           , 0.396    ,          , 0.249       , 
minivite  , -w-l-p9-n256                                              , 1    , 1.0    , 1.1822 ,       , 0.2043, 0.1471,           , 0.1452, 0.1029 , 0.1824    ,           , 0.202    ,          , 0.1859      , 
minivite  , -w-l-p9-n32                                               , 1    , 1.0    , 1.1258 ,       ,       ,       ,           ,       ,        ,           ,           ,          ,          ,             , 
minivite  , -w-l-p9-n4096                                             , 32   , 1.0    , 1.1204 ,       , 0.4307,       ,           , 0.3886, 0.3342 , 0.3737    ,           , 0.4715   ,          , 0.2579      , 
minivite  , -w-l-p9-n512                                              , 1    , 1.0    , 0.8365 ,       , 0.1402, 0.1022,           , 0.1016,        , 0.1294    ,           , 0.1415   ,          , 0.1375      , 
minivite  , -w-l-p9-n8192                                             , 32   , 1.0    , 1.1734 ,       , 0.3654,       ,           , 0.3082, 0.2704 , 0.3288    ,           , 0.39     ,          , 0.2417      , 
minivite  , -w-p1-n128                                                , 1    , 1.0    , 1.3001 ,       , 0.208 , 0.1498,           , 0.1473, 0.1064 , 0.1954    ,           , 0.2065   ,          , 0.2101      , 
minivite  , -w-p1-n16384                                              , 32   , 1.0    , 0.809  ,       , 0.3329,       ,           , 0.2901, 0.2525 , 0.3143    ,           , 0.3487   ,          , 0.2426      , 
minivite  , -w-p1-n256                                                , 1    , 1.0    , 0.6069 ,       , 0.1723, 0.1234,           , 0.1208,        , 0.1586    ,           , 0.1701   ,          , 0.1737      , 
minivite  , -w-p1-n32                                                 , 1    , 1.0    , 0.5567 ,       , 0.1179,       ,           ,       ,        , 0.1064    ,           , 0.1185   ,          , 0.1169      , 
minivite  , -w-p1-n4096                                               , 32   , 1.0    , 0.9899 ,       , 0.3946,       ,           , 0.3486, 0.3092 , 0.3457    ,           , 0.4383   ,          , 0.2665      , 
minivite  , -w-p1-n512                                                , 1    , 1.0    , 0.4924 ,       , 0.2022, 0.1464,           , 0.143 , 0.1041 , 0.1944    ,           , 0.2012   ,          , 0.2012      , 
minivite  , -w-p1-n64                                                 , 1    , 1.0    , 2.8258 ,       , 0.1744, 0.1258,           , 0.1234,        , 0.1667    ,           , 0.173    ,          , 0.1719      , 
minivite  , -w-p1-n8192                                               , 32   , 1.0    , 0.99   ,       , 0.3762,       ,           , 0.3413, 0.3025 , 0.341     ,           , 0.4262   ,          , 0.2133      , 
minivite  , -w-p2-n128                                                , 1    , 1.0    , 0.7214 ,       , 0.1975, 0.15  ,           , 0.1465, 0.1078 , 0.1984    ,           , 0.2073   ,          , 0.2059      , 
minivite  , -w-p2-n16384                                              , 32   , 1.0    , 1.0862 ,       , 0.372 ,       ,           , 0.3341, 0.2853 , 0.3308    ,           , 0.4129   ,          , 0.2202      , 
minivite  , -w-p2-n256                                                , 1    , 1.0    , 0.7617 ,       , 0.1661, 0.1215,           , 0.1189,        , 0.1598    ,           , 0.1665   ,          , 0.1645      , 
minivite  , -w-p2-n32                                                 , 1    , 1.0    , 3.4894 ,       ,       ,       ,           ,       ,        ,           ,           ,          ,          ,             , 
minivite  , -w-p2-n4096                                               , 32   , 1.0    , 1.0348 ,       , 0.3902,       ,           , 0.3463, 0.3003 , 0.3441    ,           , 0.4321   ,          , 0.2692      , 
minivite  , -w-p2-n512                                                , 1    , 1.0    , 0.4193 ,       , 0.2896, 0.137 ,           , 0.2062, 0.1475 , 0.2615    ,           , 0.287    ,          , 0.2863      , 
minivite  , -w-p2-n64                                                 , 1    , 1.0    , 0.8395 ,       ,       ,       ,           ,       ,        ,           ,           ,          ,          ,             , 
minivite  , -w-p2-n8192                                               , 32   , 1.0    , 0.9194 ,       , 0.3854,       ,           , 0.3457, 0.3067 , 0.3415    ,           , 0.4346   ,          , 0.2669      , 
minivite  , -w-p3-n128                                                , 1    , 1.0    , 1.1406 ,       , 0.1004,       ,           ,       ,        ,           ,           ,          ,          ,             , 
minivite  , -w-p3-n16384                                              , 32   , 1.0    , 0.9874 ,       , 0.3826,       ,           , 0.36  , 0.3135 , 0.3594    ,           , 0.4491   ,          , 0.2787      , 
minivite  , -w-p3-n256                                                , 1    , 1.0    , 1.106  ,       , 0.2146, 0.1544,           , 0.1521, 0.1106 , 0.1949    ,           , 0.2137   ,          , 0.2121      , 
minivite  , -w-p3-n32                                                 , 1    , 1.0    , 0.8009 ,       , 0.1021,       ,           ,       ,        ,           ,           , 0.1018   ,          , 0.1018      , 
minivite  , -w-p3-n4096                                               , 32   , 1.0    , 1.261  ,       , 0.3612,       ,           , 0.3339, 0.2603 , 0.3224    ,           , 0.407    ,          , 0.2583      , 
minivite  , -w-p3-n512                                                , 1    , 1.0    , 0.5436 ,       , 0.2626, 0.1909,           , 0.1829, 0.1369 , 0.2521    ,           , 0.2609   ,          , 0.2562      , 
minivite  , -w-p3-n64                                                 , 1    , 1.0    , 1.0096 ,       , 0.1006,       ,           ,       ,        ,           ,           ,          ,          , 0.1003      , 
minivite  , -w-p3-n8192                                               , 32   , 1.0    , 1.3167 ,       , 0.4637,       ,           , 0.3697, 0.3477 , 0.412     ,           , 0.5209   ,          , 0.3255      , 
minivite  , -w-p4-n128                                                , 1    , 1.0    , 13.8876,       , 0.2821, 0.2034,           , 0.1875, 0.1443 , 0.2568    ,           , 0.2802   ,          , 0.2712      , 
minivite  , -w-p4-n16384                                              , 32   , 1.0    , 1.0661 ,       , 0.3854,       ,           , 0.3527, 0.3157 , 0.3503    ,           , 0.446    ,          , 0.2777      , 
minivite  , -w-p4-n256                                                , 1    , 1.0    , 1.3717 ,       , 0.2161, 0.1568,           , 0.1465, 0.1122 , 0.2015    ,           , 0.2176   ,          , 0.2113      , 
minivite  , -w-p4-n32                                                 , 1    , 1.0    , 0.8691 ,       ,       ,       ,           ,       ,        ,           ,           ,          ,          ,             , 
minivite  , -w-p4-n4096                                               , 32   , 1.0    , 1.0766 ,       , 0.368 ,       ,           , 0.3312, 0.2981 , 0.3366    ,           , 0.4243   ,          , 0.2356      , 
minivite  , -w-p4-n512                                                , 1    , 1.0    , 0.9595 ,       , 0.4694, 0.3371,           , 0.3174, 0.2421 , 0.4247    ,           , 0.4659   ,          , 0.4561      , 
minivite  , -w-p4-n64                                                 , 1    , 1.0    , 1.531  ,       , 0.1266,       ,           ,       ,        , 0.1148    ,           , 0.1255   ,          , 0.1219      , 
minivite  , -w-p4-n8192                                               , 32   , 1.0    , 1.2232 ,       , 0.4055,       ,           , 0.3689, 0.3195 , 0.3601    ,           , 0.4544   ,          , 0.287       , 
minivite  , -w-p5-n128                                                , 1    , 1.0    , 0.3575 ,       ,       ,       ,           ,       ,        ,           ,           ,          ,          ,             , 
minivite  , -w-p5-n16384                                              , 32   , 1.0    , 0.9379 ,       , 0.3694,       ,           , 0.3221, 0.3054 , 0.3542    ,           , 0.4376   ,          , 0.2665      , 
minivite  , -w-p5-n256                                                , 1    , 1.0    , 0.712  ,       , 0.1476,       ,           , 0.1053,        , 0.1358    ,           , 0.1474   ,          , 0.146       , 
minivite  , -w-p5-n32                                                 , 1    , 1.0    , 11.0405,       , 0.2344, 0.1703,           , 0.1647, 0.1216 , 0.2119    ,           , 0.2339   ,          , 0.2326      , 
minivite  , -w-p5-n4096                                               , 32   , 1.0    , 0.7074 ,       , 0.3474,       ,           , 0.318 , 0.2744 , 0.316     ,           , 0.4004   ,          , 0.2404      , 
minivite  , -w-p5-n512                                                , 1    , 1.0    , 0.7451 ,       , 0.2089, 0.1512,           , 0.1493, 0.1084 , 0.1902    ,           , 0.2085   ,          , 0.163       , 
minivite  , -w-p5-n64                                                 , 1    , 1.0    , 0.7787 ,       ,       ,       ,           ,       ,        ,           ,           ,          ,          ,             , 
minivite  , -w-p5-n8192                                               , 32   , 1.0    , 1.1106 ,       , 0.3656,       ,           , 0.3564, 0.2937 , 0.3364    ,           , 0.4269   ,          , 0.2584      , 
minivite  , -w-p6-n128                                                , 1    , 1.0    , 1.2805 ,       , 0.1321,       ,           ,       ,        , 0.1257    ,           , 0.1321   ,          , 0.131       , 
minivite  , -w-p6-n16384                                              , 32   , 1.0    , 1.0038 ,       , 0.3848,       ,           , 0.3715, 0.2812 , 0.3529    ,           , 0.4453   ,          , 0.273       , 
minivite  , -w-p6-n256                                                , 1    , 1.0    , 0.3342 ,       , 0.1003,       ,           ,       ,        ,           ,           , 0.1002   ,          ,             , 
minivite  , -w-p6-n32                                                 , 1    , 1.0    , 0.281  ,       ,       ,       ,           ,       ,        ,           ,           ,          ,          ,             , 
minivite  , -w-p6-n4096                                               , 32   , 1.0    , 1.0343 ,       , 0.3784,       ,           , 0.3352, 0.2941 , 0.3335    ,           , 0.4194   ,          , 0.2581      , 
minivite  , -w-p6-n512                                                , 1    , 1.0    , 0.51   ,       , 0.2073, 0.1497,           , 0.1428, 0.1063 , 0.1902    ,           , 0.207    ,          , 0.2084      , 
minivite  , -w-p6-n64                                                 , 1    , 1.0    , 0.3356 ,       ,       ,       ,           ,       ,        ,           ,           ,          ,          ,             , 
minivite  , -w-p6-n8192                                               , 32   , 1.0    , 0.8992 ,       , 0.3742,       ,           , 0.3528, 0.2995 , 0.3306    ,           , 0.4239   ,          , 0.2586      , 
minivite  , -w-p7-n128                                                , 1    , 1.0    , 3.1795 ,       , 0.287 , 0.2063,           , 0.1999, 0.1468 , 0.2739    ,           , 0.2856   ,          , 0.2748      , 
minivite  , -w-p7-n16384                                              , 32   , 1.0    , 1.1112 ,       , 0.3787,       ,           , 0.3484, 0.3095 , 0.3438    ,           , 0.4335   ,          , 0.2726      , 
minivite  , -w-p7-n256                                                , 1    , 1.0    , 1.9444 ,       , 0.2917, 0.2107,           , 0.2063, 0.1498 , 0.2637    ,           , 0.2879   ,          , 0.2431      , 
minivite  , -w-p7-n32                                                 , 1    , 1.0    , 0.7007 ,       ,       ,       ,           ,       ,        ,           ,           ,          ,          ,             , 
minivite  , -w-p7-n4096                                               , 32   , 1.0    , 1.1359 ,       , 0.3744,       ,           , 0.31  , 0.3029 , 0.3457    ,           , 0.4339   ,          , 0.259       , 
minivite  , -w-p7-n512                                                , 1    , 1.0    , 0.8896 ,       , 0.2394, 0.1743,           , 0.1734, 0.1245 , 0.2301    ,           , 0.2417   ,          , 0.237       , 
minivite  , -w-p7-n64                                                 , 1    , 1.0    , 1.1389 ,       ,       ,       ,           ,       ,        ,           ,           ,          ,          ,             , 
minivite  , -w-p7-n8192                                               , 32   , 1.0    , 1.1216 ,       , 0.4162,       ,           , 0.3446, 0.3222 , 0.3692    ,           , 0.4606   ,          , 0.2784      , 
minivite  , -w-p8-n128                                                , 1    , 1.0    , 0.3628 ,       ,       ,       ,           ,       ,        ,           ,           ,          ,          ,             , 
minivite  , -w-p8-n16384                                              , 32   , 1.0    , 0.8993 ,       , 0.3846,       ,           , 0.3419, 0.3034 , 0.3399    ,           , 0.4265   ,          , 0.2645      , 
minivite  , -w-p8-n256                                                , 1    , 1.0    , 2.7133 ,       , 0.3518, 0.2533,           , 0.2492, 0.1814 , 0.3211    ,           , 0.3512   ,          , 0.337       , 
minivite  , -w-p8-n32                                                 , 1    , 1.0    , 1.7254 ,       ,       ,       ,           ,       ,        ,           ,           ,          ,          ,             , 
minivite  , -w-p8-n4096                                               , 32   , 1.0    , 0.9015 ,       , 0.3517,       ,           , 0.3289, 0.2917 , 0.3155    ,           , 0.4104   ,          , 0.2601      , 
minivite  , -w-p8-n512                                                , 1    , 1.0    , 1.5461 ,       , 0.4443, 0.3231,           , 0.3107, 0.2275 , 0.4091    ,           , 0.4425   ,          , 0.4361      , 
minivite  , -w-p8-n64                                                 , 1    , 1.0    , 0.7065 ,       , 0.1024,       ,           ,       ,        ,           ,           , 0.1032   ,          , 0.1011      , 
minivite  , -w-p8-n8192                                               , 32   , 1.0    , 0.4968 ,       , 0.3548,       ,           , 0.322 , 0.2677 , 0.3291    ,           , 0.4105   ,          , 0.2096      , 
minivite  , -w-p9-n128                                                , 1    , 1.0    , 1.4435 ,       , 0.1526, 0.1105,           , 0.1092,        , 0.1412    ,           , 0.1525   ,          , 0.1285      , 
minivite  , -w-p9-n16384                                              , 32   , 1.0    , 0.6595 ,       , 0.3725,       ,           , 0.3307, 0.2959 , 0.326     ,           , 0.4145   ,          , 0.2588      , 
minivite  , -w-p9-n256                                                , 1    , 1.0    , 0.3331 ,       ,       ,       ,           ,       ,        ,           ,           ,          ,          ,             , 
minivite  , -w-p9-n32                                                 , 1    , 1.0    , 3.6948 ,       ,       ,       ,           ,       ,        ,           ,           ,          ,          ,             , 
minivite  , -w-p9-n4096                                               , 32   , 1.0    , 1.4091 ,       , 0.362 ,       ,           , 0.3235, 0.2866 , 0.3206    ,           , 0.4121   ,          , 0.252       , 
minivite  , -w-p9-n512                                                , 1    , 1.0    , 0.627  ,       , 0.2085, 0.15  ,           , 0.1484, 0.1069 , 0.1949    ,           , 0.2059   ,          , 0.2029      , 
minivite  , -w-p9-n64                                                 , 1    , 1.0    , 0.7304 ,       ,       ,       ,           ,       ,        ,           ,           ,          ,          ,             , 
minivite  , -w-p9-n8192                                               , 32   , 1.0    , 0.9349 ,       , 0.3408,       ,           , 0.3192, 0.279  , 0.3149    ,           , 0.3972   ,          , 0.2432      , 
testdfft  , 10120                                                     , 1    , 1.0    , 1.0209 ,       , 0.9878, 0.853 , 1.6361    , 1.1632, 1.3059 , 1.2264    ,           , 1.5597   ,          , 1.5724      , 
testdfft  , 10120                                                     , 32   , 1.0    , 1.1487 ,       , 0.4554, 0.4414,           , 0.4559, 0.3788 , 0.4427    ,           , 0.4409   ,          , 0.3365      , 
testdfft  , 10128                                                     , 1    , 1.0    , 1.0794 ,       , 1.1354, 0.8384, 0.8923    , 1.2361, 0.5623 , 1.2821    ,           , 1.5409   ,          , 1.2686      , 
testdfft  , 10128                                                     , 32   , 1.0    , 0.7105 ,       , 0.3974, 0.3936,           , 0.4066, 0.3401 , 0.4009    ,           , 0.4163   ,          , 0.2912      , 
testdfft  , 10160                                                     , 1    , 1.0    , 1.0206 ,       , 1.0616, 0.8069, 1.4662    , 1.161 , 1.4076 , 1.1939    ,           , 1.6334   ,          , 1.3357      , 
testdfft  , 10160                                                     , 32   , 1.0    , 1.303  ,       , 0.636 , 0.6665,           , 0.6429, 0.6236 , 0.662     ,           , 0.7725   ,          , 0.5642      , 
testdfft  , 10200                                                     , 1    , 1.0    , 0.9686 ,       , 1.067 , 0.8278, 1.664     , 1.2811, 1.6464 , 1.2757    ,           , 1.8632   ,          , 1.7604      , 
testdfft  , 10200                                                     , 32   , 1.0    , 1.3743 ,       , 0.8221, 0.966 ,           , 0.8367, 0.8356 , 0.8932    ,           , 1.0719   ,          , 0.858       , 
testdfft  , 10240                                                     , 1    , 1.0    , 0.9557 ,       , 1.0763, 0.7988, 1.4563    ,       , 1.4525 , 1.2159    ,           , 1.6587   ,          , 1.3044      , 
testdfft  , 10240                                                     , 32   , 1.0    , 1.4177 ,       , 0.9711, 1.1782,           , 0.9724, 1.0593 , 1.0742    ,           , 1.19     ,          , 1.1538      , 
testdfft  , 10256                                                     , 1    , 1.0    , 1.0739 ,       , 1.0611, 0.7586, 0.7457    , 1.307 , 0.4596 , 1.3349    ,           , 1.9604   ,          , 1.0546      , 
testdfft  , 10256                                                     , 32   , 1.0    , 1.2922 ,       , 0.9826, 0.9589,           , 0.9382, 1.0595 , 1.0489    ,           , 1.1779   ,          , 1.1901      , 
testdfft  , 1032                                                      , 1    , 1.0    , 1.267  ,       , 0.232 , 0.1785, 1.3794    , 0.1893, 0.1008 , 0.2418    ,           , 0.2258   ,          , 0.2569      , 
testdfft  , 1032                                                      , 32   , 1.0    , 1.2812 ,       ,       ,       ,           ,       ,        ,           ,           ,          ,          ,             , 
testdfft  , 1064                                                      , 1    , 1.0    , 1.1427 ,       , 0.7449, 0.4392, 1.1163    , 0.7497, 0.3831 , 0.8787    ,           , 0.7903   ,          , 0.9607      , 
testdfft  , 1064                                                      , 32   , 1.0    , 1.2362 ,       , 0.1446, 0.1585,           , 0.1526, 0.1271 , 0.1447    ,           , 0.1705   ,          , 0.1105      , 
testdfft  , 12128                                                     , 1    , 1.0    , 1.0549 ,       , 1.1216, 0.8609, 0.9513    , 1.1482, 0.5063 , 1.2333    ,           , 1.5355   ,          , 1.175       , 
testdfft  , 12128                                                     , 32   , 1.0    , 0.7521 ,       , 0.4339, 0.4233,           , 0.4702, 0.3765 , 0.4491    ,           , 0.4629   ,          , 0.3148      , 
testdfft  , 12256                                                     , 1    , 1.0    , 1.0853 ,       , 1.0612, 0.7279, 0.6224    , 1.32  , 0.4852 , 1.3399    ,           , 2.0148   ,          , 1.2534      , 
testdfft  , 12256                                                     , 32   , 1.0    , 1.2993 ,       , 1.0075, 0.9442,           , 0.934 , 1.1185 , 1.0851    ,           , 1.2261   ,          , 1.2174      , 
testdfft  , 1232                                                      , 1    , 1.0    , 0.9764 ,       , 0.2094, 0.1877, 1.3521    , 0.1996, 0.1044 , 0.2526    ,           , 0.2385   ,          , 0.2749      , 
testdfft  , 1232                                                      , 32   , 1.0    , 1.262  ,       ,       ,       ,           ,       ,        ,           ,           , 0.1055   ,          ,             , 
testdfft  , 1264                                                      , 1    , 1.0    , 1.2746 ,       , 0.8245, 0.6343, 1.4398    , 0.8408, 0.5066 , 0.9795    ,           , 0.8885   ,          , 0.8735      , 
testdfft  , 1264                                                      , 32   , 1.0    , 1.2777 ,       , 0.1718, 0.1661,           , 0.1717, 0.141  , 0.1574    ,           , 0.1804   ,          , 0.1225      , 
testdfft  , 14128                                                     , 1    , 1.0    , 1.055  ,       , 1.0975, 0.8707, 0.5715    , 1.209 , 1.2059 , 1.2588    ,           , 1.59     ,          , 1.418       , 
testdfft  , 14128                                                     , 32   , 1.0    , 0.7444 ,       , 0.4687, 0.4538,           , 0.5245, 0.4099 , 0.4893    ,           , 0.4952   ,          , 0.3441      , 
testdfft  , 14256                                                     , 1    , 1.0    , 1.0992 ,       , 1.0681, 0.7502, 1.4421    , 1.3307, 0.5251 , 1.3474    ,           , 1.9992   ,          , 1.3074      , 
testdfft  , 14256                                                     , 32   , 1.0    , 1.3176 ,       , 1.0222, 1.002 ,           , 0.9894, 1.164  , 1.1201    ,           , 1.2398   ,          , 1.4165      , 
testdfft  , 1432                                                      , 1    , 1.0    , 1.4315 ,       , 0.2523, 0.1954, 1.2954    , 0.2102, 0.1397 , 0.2812    ,           , 0.2474   ,          , 0.2829      , 
testdfft  , 1432                                                      , 32   , 1.0    , 1.2125 ,       , 0.1005,       ,           ,       ,        ,           ,           ,          ,          ,             , 
testdfft  , 1464                                                      , 1    , 1.0    , 1.1984 ,       , 0.8093, 0.6288, 0.6803    , 0.8678, 0.4908 , 0.9808    ,           , 0.8864   ,          , 1.105       , 
testdfft  , 1464                                                      , 32   , 1.0    , 1.2473 ,       , 0.1825, 0.178 ,           , 0.1762, 0.1498 , 0.1626    ,           , 0.187    ,          , 0.1265      , 
testdfft  , 15120                                                     , 1    , 1.0    , 1.0184 ,       , 1.0729, 0.829 , 1.6089    , 1.1913, 1.4046 , 1.2503    ,           , 1.6658   ,          , 1.7448      , 
testdfft  , 15120                                                     , 32   , 1.0    , 1.1593 ,       , 0.5222, 0.4966,           , 0.527 , 0.4198 , 0.5075    ,           , 0.4962   ,          , 0.3716      , 
testdfft  , 15160                                                     , 1    , 1.0    , 0.9684 ,       , 1.0814, 0.8219, 1.4168    , 1.137 , 1.4785 , 1.193     ,           , 1.6674   ,          , 1.2918      , 
testdfft  , 15160                                                     , 32   , 1.0    , 1.0475 ,       , 0.7452, 0.7791,           , 0.7753, 0.7515 , 0.7916    ,           , 0.9513   ,          , 0.6822      , 
testdfft  , 15200                                                     , 1    , 1.0    , 0.9711 ,       , 1.0705, 0.8304, 1.6612    , 1.2836, 1.6867 , 1.2685    ,           , 1.8753   ,          , 1.6005      , 
testdfft  , 15200                                                     , 32   , 1.0    , 1.3777 ,       , 0.9198, 1.0833,           , 0.94  , 0.9489 , 0.9996    ,           , 1.2697   ,          , 1.016       , 
testdfft  , 15240                                                     , 1    , 1.0    , 0.9435 ,       , 1.0699, 0.7545, 1.4678    , 1.2116, 1.5273 , 1.2029    ,           , 1.6862   ,          , 1.0764      , 
testdfft  , 15240                                                     , 32   , 1.0    , 1.4303 ,       , 0.9982, 1.267 ,           , 1.0029, 1.1464 , 1.163     ,           , 1.2317   ,          , 1.3271      , 
testdfft  , 16128                                                     , 1    , 1.0    , 1.0449 ,       , 1.0881, 0.832 , 0.5626    , 1.1758, 0.4933 , 1.2342    ,           , 1.5809   ,          , 1.2442      , 
testdfft  , 16128                                                     , 32   , 1.0    , 1.2769 ,       , 0.522 , 0.4783,           , 0.5574, 0.4375 , 0.5379    ,           , 0.5394   ,          , 0.3599      , 
testdfft  , 16256                                                     , 1    , 1.0    , 1.141  ,       , 1.1068, 0.7834, 0.6644    , 1.3608, 0.4787 , 1.383     ,           , 2.0744   ,          , 1.5163      , 
testdfft  , 16256                                                     , 32   , 1.0    , 1.3267 ,       , 1.0572, 0.99  ,           , 0.9933, 1.2046 , 1.1524    ,           , 1.2564   ,          , 1.3422      , 
testdfft  , 1632                                                      , 1    , 1.0    , 1.5014 ,       , 0.3297, 0.2547, 1.6155    , 0.2759, 0.1517 , 0.3469    ,           , 0.3273   ,          , 0.3666      , 
testdfft  , 1632                                                      , 32   , 1.0    , 0.2748 ,       , 0.1075, 0.1029,           , 0.1013,        ,           ,           , 0.1148   ,          ,             , 
testdfft  , 1664                                                      , 1    , 1.0    , 1.2317 ,       , 0.8712, 0.6811, 1.4208    , 0.919 , 0.4191 , 1.0487    ,           , 0.9673   ,          , 1.2227      , 
testdfft  , 1664                                                      , 32   , 1.0    , 1.2302 ,       , 0.1858, 0.18  ,           , 0.1781, 0.1499 , 0.1707    ,           , 0.1918   ,          , 0.1361      , 
testdfft  , 18128                                                     , 1    , 1.0    , 1.0833 ,       , 1.1148, 0.8824, 0.6386    , 1.2546, 0.5063 , 1.2563    ,           , 1.6467   ,          , 1.1256      , 
testdfft  , 18128                                                     , 32   , 1.0    , 1.2653 ,       , 0.5215, 0.4997,           , 0.5923, 0.457  , 0.5669    ,           , 0.5564   ,          , 0.3897      , 
testdfft  , 18256                                                     , 1    , 1.0    , 1.083  ,       , 1.0602, 0.7602, 0.687     , 1.2971, 0.5152 , 1.3378    ,           , 1.9892   ,          , 1.3024      , 
testdfft  , 18256                                                     , 32   , 1.0    , 1.3354 ,       , 1.0694, 1.0495,           , 1.0252, 1.2253 , 1.1705    ,           , 1.3633   ,          , 1.4053      , 
testdfft  , 1832                                                      , 1    , 1.0    , 1.4232 ,       , 0.308 , 0.2383, 1.3182    , 0.2565, 0.1399 , 0.3289    ,           , 0.3081   ,          , 0.3595      , 
testdfft  , 1832                                                      , 32   , 1.0    , 1.1426 ,       , 0.1114, 0.1049,           , 0.1078,        ,           ,           , 0.1162   ,          ,             , 
testdfft  , 1864                                                      , 1    , 1.0    , 1.1109 ,       , 0.8359, 0.6632, 1.047     , 0.9047, 0.4037 , 1.0116    ,           , 0.9491   ,          , 1.1715      , 
testdfft  , 1864                                                      , 32   , 1.0    , 1.2791 ,       , 0.2007, 0.1895,           , 0.1941, 0.1639 , 0.179     ,           , 0.1726   ,          , 0.1379      , 
testdfft  , 20120                                                     , 1    , 1.0    , 0.9816 ,       , 1.0099, 0.8133, 1.5511    , 1.2141, 1.4031 , 1.2218    ,           , 1.6667   ,          , 1.4988      , 
testdfft  , 20120                                                     , 32   , 1.0    , 0.8485 ,       , 0.5889, 0.5545,           , 0.6232, 0.5025 , 0.5841    ,           , 0.565    ,          , 0.418       , 
testdfft  , 20128                                                     , 1    , 1.0    , 1.0554 ,       , 1.1379, 0.8891, 1.0074    , 1.212 , 1.2361 , 1.2532    ,           , 1.6515   ,          , 1.358       , 
testdfft  , 20128                                                     , 32   , 1.0    , 0.8736 ,       , 0.5441, 0.5223,           , 0.6401, 0.4858 , 0.5912    ,           , 0.5871   ,          , 0.3949      , 
testdfft  , 20160                                                     , 1    , 1.0    , 0.9968 ,       , 1.0486, 0.8075, 1.3332    , 1.1558, 1.4015 , 1.16      ,           , 1.6389   ,          , 1.2873      , 
testdfft  , 20160                                                     , 32   , 1.0    , 1.1024 ,       , 0.8059, 0.857 ,           , 0.8457, 0.8084 , 0.8608    ,           , 1.0796   ,          , 0.7604      , 
testdfft  , 20200                                                     , 1    , 1.0    , 0.9543 ,       , 1.0733, 0.859 , 1.6118    , 1.2521, 1.6523 , 1.2508    ,           , 1.8585   ,          , 1.6766      , 
testdfft  , 20200                                                     , 32   , 1.0    , 1.048  ,       , 0.9704, 1.1763,           , 0.9955, 1.042  , 1.0951    ,           , 1.3714   ,          , 1.0941      , 
testdfft  , 20240                                                     , 1    , 1.0    , 0.961  ,       , 1.0783, 0.7639, 1.4556    , 1.2021, 1.5207 , 1.2016    ,           , 1.6976   ,          , 1.3312      , 
testdfft  , 20240                                                     , 32   , 1.0    , 1.4335 ,       , 1.0441, 1.3318,           , 1.0555, 1.2049 , 1.211     ,           , 1.3482   ,          , 1.3955      , 
testdfft  , 20256                                                     , 1    , 1.0    , 1.0747 ,       , 1.0438, 0.7259, 0.7173    , 1.2703, 0.5047 , 1.2963    ,           , 1.9366   ,          , 1.4615      , 
testdfft  , 20256                                                     , 32   , 1.0    , 1.3225 ,       , 1.0785, 1.0423,           , 1.0383, 1.2207 , 1.182     ,           , 1.3827   ,          , 1.4319      , 
testdfft  , 2032                                                      , 1    , 1.0    , 1.5132 ,       , 0.3205, 0.248 , 1.4053    , 0.2744, 0.1487 , 0.345     ,           , 0.3237   ,          , 0.3158      , 
testdfft  , 2032                                                      , 32   , 1.0    , 1.2184 ,       , 0.1163, 0.1108,           , 0.1102,        ,           ,           , 0.1221   ,          ,             , 
testdfft  , 2064                                                      , 1    , 1.0    , 1.1806 ,       , 0.8987, 0.5322, 0.6737    , 0.9694, 0.4173 , 1.0881    ,           , 0.9761   ,          , 1.2921      , 
testdfft  , 2064                                                      , 32   , 1.0    , 0.5321 ,       , 0.2344, 0.2268,           , 0.2366, 0.1908 , 0.2114    ,           , 0.2451   ,          , 0.1564      , 
xsbench   , -mevent-slarge-ghash                                      , 1    , 1.0    , 1.3    , 0.6051,       ,       ,           ,       ,        ,           , 0.138     ,          , 0.3596   ,             , 0.4609
xsbench   , -mevent-slarge-gnuclide                                   , 1    , 1.0    , 1.2766 , 0.769 ,       ,       ,           ,       ,        ,           ,           ,          , 0.3971   ,             , 0.5294
xsbench   , -mevent-slarge-gunionized                                 , 1    , 1.0    , 1.3338 , 1.8663, 0.1087,       ,           , 0.1664, 0.1076 , 0.1649    , 0.8196    , 0.1322   , 1.0882   ,             , 1.1954
xsbench   , -mevent-ssmall-ghash                                      , 1    , 1.0    , 1.0498 , 0.7391,       ,       ,           ,       ,        ,           ,           ,          , 0.1905   ,             , 0.1776
xsbench   , -mevent-ssmall-gnuclide                                   , 1    , 1.0    , 1.4265 , 0.9167,       ,       ,           ,       ,        ,           ,           ,          , 0.1962   ,             , 0.2108
xsbench   , -mevent-ssmall-gunionized                                 , 1    , 1.0    , 1.3038 , 1.269 ,       ,       ,           ,       ,        ,           , 0.1316    ,          , 0.4083   ,             , 0.4098
xsbench   , -mevent-sxl-ghash                                         , 1    , 1.0    , 1.076  , 1.044 , 0.1458, 0.1222,           , 0.2056, 0.1175 , 0.2033    , 0.9981    , 0.1832   , 1.0301   , 0.123       , 1.2197
xsbench   , -mevent-sxl-gnuclide                                      , 1    , 1.0    , 1.1571 , 1.0607,       ,       ,           ,       ,        ,           , 0.8884    ,          , 1.0248   ,             , 1.2576
xsbench   , -mevent-sxl-gunionized                                    , 1    , 1.0    , 1.175  , 0.4348, 0.166 , 0.1109,           , 0.2724, 0.1593 , 0.2717    ,           , 0.2143   ,          , 0.193       , 0.3333
xsbench   , -mevent-sxxl-ghash                                        , 1    , 1.0    , 1.0703 , 1.0281, 0.2412, 0.2023,           , 0.3234, 0.194  , 0.3213    , 1.1273    , 0.2706   , 1.0705   , 0.1771      , 1.2023
xsbench   , -mevent-sxxl-gnuclide                                     , 1    , 1.0    , 1.1427 , 1.0513,       ,       ,           , 0.1208,        , 0.1205    , 1.0799    , 0.106    , 1.0817   ,             , 1.2906
xsbench   , -mevent-sxxl-gunionized                                   , 1    , 1.0    , 1.1452 ,       ,       ,       ,           ,       , 0.2053 , 0.3397    ,           , 0.265    ,          , 0.2388      , 
xsbench   , -mhistory-slarge-ghash                                    , 1    , 1.0    , 0.8721 , 0.699 ,       ,       ,           ,       ,        ,           ,           ,          ,          ,             , 
xsbench   , -mhistory-slarge-gnuclide                                 , 1    , 1.0    , 1.2752 , 1.0417,       ,       ,           ,       ,        ,           ,           ,          ,          ,             , 
xsbench   , -mhistory-slarge-gunionized                               , 1    , 1.0    , 1.3435 , 1.9099, 0.1085,       ,           , 0.169 , 0.1078 , 0.167     ,           , 0.1336   ,          ,             , 
xsbench   , -mhistory-ssmall-ghash                                    , 1    , 1.0    , 0.9175 , 0.8083,       ,       ,           ,       ,        ,           ,           ,          ,          ,             , 
xsbench   , -mhistory-ssmall-gnuclide                                 , 1    , 1.0    , 1.3338 , 1.0464,       ,       ,           ,       ,        ,           ,           ,          ,          ,             , 
xsbench   , -mhistory-ssmall-gunionized                               , 1    , 1.0    , 1.2473 , 1.4294,       ,       ,           ,       ,        ,           ,           ,          ,          ,             , 
xsbench   , -mhistory-sxl-ghash                                       , 1    , 1.0    , 1.0761 , 1.0638, 0.1473, 0.1222,           , 0.2081, 0.1183 , 0.2062    ,           , 0.1875   ,          , 0.1249      , 
xsbench   , -mhistory-sxl-gnuclide                                    , 1    , 1.0    , 1.1169 , 1.0668,       ,       ,           ,       ,        ,           ,           ,          ,          ,             , 
xsbench   , -mhistory-sxl-gunionized                                  , 1    , 1.0    , 1.1865 , 0.4527, 0.1677, 0.1124,           , 0.2759, 0.1611 , 0.2752    ,           , 0.2153   ,          , 0.1972      , 
xsbench   , -mhistory-sxxl-ghash                                      , 1    , 1.0    , 1.0874 , 1.049 , 0.2419, 0.2059,           , 0.329 , 0.1965 , 0.3288    ,           , 0.2784   ,          , 0.1825      , 
xsbench   , -mhistory-sxxl-gnuclide                                   , 1    , 1.0    , 1.1631 , 1.084 ,       ,       ,           , 0.1231,        , 0.1224    ,           , 0.1136   ,          ,             , 
xsbench   , -mhistory-sxxl-gunionized                                 , 1    , 1.0    , 1.1379 , 1.0222,       ,       ,           ,       , 0.2013 , 0.336     ,           , 0.2627   ,          , 0.2365      , 
amg       , -problem1-p442-n12812864                                  , 32   , 0.6729 , 1.0    ,       , 0.6553, 0.8179,           , 0.6609, 0.7029 , 0.7363    ,           , 0.8409   ,          , 1.5145      , 
amg       , -problem1-p442-n16168                                     , 32   , 0.8553 , 1.0    ,       , 0.1346, 0.1273,           , 0.1242, 0.1094 , 0.1262    ,           , 0.1239   ,          ,             , 
amg       , -problem1-p442-n323216                                    , 32   , 0.7039 , 1.0    ,       , 0.2461, 0.2556,           , 0.2484, 0.2184 , 0.2368    ,           , 0.3398   ,          , 0.2269      , 
amg       , -problem1-p442-n646432                                    , 32   , 0.6939 , 1.0    ,       , 0.4893, 0.5944,           , 0.501 , 0.5098 , 0.527     ,           , 0.6843   ,          , 0.8485      , 
amg       , -problem1-p442-n884                                       , 32   , 2.5546 , 1.0    ,       , 0.3273, 0.3089,           , 0.293 , 0.265  , 0.2982    ,           , 0.3758   ,          , 0.2419      , 
amg       , -problem2-p111-n128128128                                 , 1    , 0.8971 , 1.0    ,       , 0.1182,       ,           , 0.1757, 0.1553 , 0.1634    ,           , 0.1805   ,          , 0.1786      , 
amg       , -problem2-p111-n161616                                    , 1    , 2.5848 , 1.0    ,       , 1.3948, 1.0383,           , 1.3553, 1.0399 , 1.6878    ,           , 1.6563   ,          , 1.8299      , 
amg       , -problem2-p111-n256256256                                 , 1    , 0.8212 , 1.0    ,       ,       ,       ,           , 0.1206, 0.1159 , 0.1268    ,           , 0.1338   ,          , 0.1173      , 
amg       , -problem2-p111-n323232                                    , 1    , 1.5881 , 1.0    ,       , 0.5912, 0.4484,           , 0.8667, 0.6523 , 0.9367    ,           , 0.8197   ,          , 0.9839      , 
amg       , -problem2-p111-n646464                                    , 1    , 1.2851 , 1.0    ,       , 0.2161, 0.1654,           , 0.3096, 0.2705 , 0.2898    ,           , 0.3228   ,          , 0.3325      , 
amg       , -problem2-p111-n888                                       , 1    , 0.6601 , 1.0    ,       , 0.4676, 0.3344,           , 0.3372, 0.2524 , 0.4555    ,           , 0.4766   ,          , 0.4837      , 
amg       , -problem2-p442-n12812864                                  , 32   , 0.6886 , 1.0    ,       , 0.6372, 0.8955,           , 0.6412, 0.7197 , 0.7088    ,           , 0.851    ,          , 2.0         , 
amg       , -problem2-p442-n16168                                     , 32   , 0.8297 , 1.0    ,       , 0.3794, 0.3491,           , 0.3787, 0.3116 , 0.411     ,           , 0.3679   ,          , 0.2957      , 
amg       , -problem2-p442-n323216                                    , 32   , 0.6605 , 1.0    ,       , 0.4517, 0.6028,           , 0.5229, 0.4931 , 0.5879    ,           , 1.0866   ,          , 0.894       , 
amg       , -problem2-p442-n646432                                    , 32   , 0.7092 , 1.0    ,       , 0.5578, 0.7422,           , 0.5742, 0.6362 , 0.6333    ,           , 0.7558   ,          , 1.5893      , 
amg       , -problem2-p442-n884                                       , 32   , 0.8502 , 1.0    ,       , 0.2792, 0.2656,           , 0.262 , 0.2212 , 0.2735    ,           , 0.3251   ,          , 0.202       , 
kripke.exe, --niter10--pmethodbj--groups16--legendre0                 , 1    , 0.443  , 1.0    , 0.178 ,       ,       ,           ,       ,        ,           ,           ,          ,          ,             , 
kripke.exe, "--niter10--pmethodbj--groups16--legendre0--procs4,4,2"   , 32   , 0.6597 , 1.0    ,       ,       ,       ,           ,       ,        ,           ,           ,          ,          ,             , 
kripke.exe, --niter10--pmethodbj--groups16--legendre1                 , 1    , 0.4509 , 1.0    , 0.231 ,       ,       ,           ,       ,        ,           ,           ,          ,          ,             , 
kripke.exe, "--niter10--pmethodbj--groups16--legendre1--procs4,4,2"   , 32   , 0.7237 , 1.0    ,       ,       ,       ,           ,       ,        ,           ,           ,          ,          ,             , 
kripke.exe, --niter10--pmethodbj--groups16--legendre2                 , 1    , 0.4739 , 1.0    , 0.2923,       ,       ,           ,       ,        ,           ,           ,          ,          ,             , 
kripke.exe, "--niter10--pmethodbj--groups16--legendre2--procs4,4,2"   , 32   , 0.7311 , 1.0    ,       ,       ,       ,           , 0.1014, 0.1209 ,           ,           ,          ,          ,             , 
kripke.exe, --niter10--pmethodbj--groups16--legendre3                 , 1    , 0.4661 , 1.0    , 0.3824,       ,       ,           ,       ,        ,           ,           ,          ,          ,             , 
kripke.exe, "--niter10--pmethodbj--groups16--legendre3--procs4,4,2"   , 32   , 0.6417 , 1.0    ,       ,       ,       ,           , 0.112 , 0.1449 ,           ,           ,          ,          ,             , 
kripke.exe, --niter10--pmethodbj--groups16--legendre4                 , 1    , 0.4654 , 1.0    , 0.566 ,       ,       ,           ,       ,        ,           ,           ,          ,          ,             , 
kripke.exe, "--niter10--pmethodbj--groups16--legendre4--procs4,4,2"   , 32   , 0.7045 , 1.0    ,       ,       ,       ,           , 0.1295, 0.1779 ,           ,           ,          ,          ,             , 
kripke.exe, --niter10--pmethodbj--groups32--legendre0                 , 1    , 0.448  , 1.0    , 0.2072,       ,       ,           ,       ,        ,           ,           ,          ,          ,             , 
kripke.exe, "--niter10--pmethodbj--groups32--legendre0--procs4,4,2"   , 32   , 0.7546 , 1.0    ,       ,       ,       ,           , 0.1479, 0.154  ,           ,           ,          ,          ,             , 
kripke.exe, --niter10--pmethodbj--groups32--legendre1                 , 1    , 0.4704 , 1.0    , 0.271 ,       ,       ,           ,       ,        ,           ,           ,          ,          ,             , 
kripke.exe, "--niter10--pmethodbj--groups32--legendre1--procs4,4,2"   , 32   , 0.7299 , 1.0    ,       ,       ,       ,           , 0.1682, 0.1849 ,           ,           ,          ,          ,             , 
kripke.exe, --niter10--pmethodbj--groups32--legendre2                 , 1    , 0.498  , 1.0    , 0.4125,       ,       ,           ,       ,        ,           ,           ,          ,          ,             , 
kripke.exe, "--niter10--pmethodbj--groups32--legendre2--procs4,4,2"   , 32   , 0.7321 , 1.0    ,       ,       ,       ,           , 0.2011, 0.2295 ,           ,           ,          ,          ,             , 
kripke.exe, --niter10--pmethodbj--groups32--legendre3                 , 1    , 0.4838 , 1.0    , 0.6763,       ,       ,           ,       ,        ,           ,           ,          ,          ,             , 
kripke.exe, "--niter10--pmethodbj--groups32--legendre3--procs4,4,2"   , 32   , 0.7221 , 1.0    ,       ,       ,       ,           , 0.2421, 0.2907 ,           ,           ,          ,          ,             , 
kripke.exe, --niter10--pmethodbj--groups32--legendre4                 , 1    , 0.4901 , 1.0    , 0.8601,       ,       ,           ,       ,        ,           ,           ,          ,          ,             , 
kripke.exe, "--niter10--pmethodbj--groups32--legendre4--procs4,4,2"   , 32   , 0.7402 , 1.0    ,       ,       ,       ,           , 0.2754, 0.3643 ,           ,           ,          ,          ,             , 
kripke.exe, --niter10--pmethodbj--groups8--legendre0                  , 1    , 0.4855 , 1.0    , 0.1071,       ,       ,           ,       ,        ,           ,           ,          ,          ,             , 
kripke.exe, "--niter10--pmethodbj--groups8--legendre0--procs4,4,2"    , 32   , 0.6597 , 1.0    ,       ,       ,       ,           ,       ,        ,           ,           ,          ,          ,             , 
kripke.exe, --niter10--pmethodbj--groups8--legendre1                  , 1    , 0.4612 , 1.0    , 0.1248,       ,       ,           ,       ,        ,           ,           ,          ,          ,             , 
kripke.exe, "--niter10--pmethodbj--groups8--legendre1--procs4,4,2"    , 32   , 0.6542 , 1.0    ,       ,       ,       ,           ,       ,        ,           ,           ,          ,          ,             , 
kripke.exe, --niter10--pmethodbj--groups8--legendre2                  , 1    , 0.4921 , 1.0    , 0.1811,       ,       ,           ,       ,        ,           ,           ,          ,          ,             , 
kripke.exe, "--niter10--pmethodbj--groups8--legendre2--procs4,4,2"    , 32   , 0.6825 , 1.0    ,       ,       ,       ,           ,       ,        ,           ,           ,          ,          ,             , 
kripke.exe, --niter10--pmethodbj--groups8--legendre3                  , 1    , 0.4801 , 1.0    , 0.2601,       ,       ,           ,       ,        ,           ,           ,          ,          ,             , 
kripke.exe, "--niter10--pmethodbj--groups8--legendre3--procs4,4,2"    , 32   , 0.6901 , 1.0    ,       ,       ,       ,           ,       ,        ,           ,           ,          ,          ,             , 
kripke.exe, --niter10--pmethodbj--groups8--legendre4                  , 1    , 0.4862 , 1.0    , 0.3052,       ,       ,           ,       ,        ,           ,           ,          ,          ,             , 
kripke.exe, "--niter10--pmethodbj--groups8--legendre4--procs4,4,2"    , 32   , 0.7159 , 1.0    ,       ,       ,       ,           ,       ,        ,           ,           ,          ,          ,             , 
kripke.exe, --niter10--pmethodsweep--groups16--legendre0              , 1    , 0.4278 , 1.0    , 0.1828,       ,       ,           ,       ,        ,           ,           ,          ,          ,             , 
kripke.exe, "--niter10--pmethodsweep--groups16--legendre0--procs4,4,2", 32   , 0.6457 , 1.0    ,       ,       ,       ,           ,       ,        ,           ,           ,          ,          ,             , 
kripke.exe, --niter10--pmethodsweep--groups16--legendre1              , 1    , 0.4644 , 1.0    , 0.2586,       ,       ,           ,       ,        ,           ,           ,          ,          ,             , 
kripke.exe, "--niter10--pmethodsweep--groups16--legendre1--procs4,4,2", 32   , 0.565  , 1.0    ,       ,       ,       ,           ,       ,        ,           ,           ,          ,          ,             , 
kripke.exe, --niter10--pmethodsweep--groups16--legendre2              , 1    , 0.4568 , 1.0    , 0.3492,       ,       ,           ,       ,        ,           ,           ,          ,          ,             , 
kripke.exe, "--niter10--pmethodsweep--groups16--legendre2--procs4,4,2", 32   , 0.7223 , 1.0    ,       ,       ,       ,           , 0.1286, 0.1083 ,           ,           ,          ,          ,             , 
kripke.exe, --niter10--pmethodsweep--groups16--legendre3              , 1    , 0.4655 , 1.0    , 0.399 ,       ,       ,           ,       ,        ,           ,           ,          ,          ,             , 
kripke.exe, "--niter10--pmethodsweep--groups16--legendre3--procs4,4,2", 32   , 0.6745 , 1.0    ,       ,       ,       ,           , 0.1602, 0.1307 ,           ,           ,          ,          ,             , 
kripke.exe, --niter10--pmethodsweep--groups16--legendre4              , 1    , 0.4633 , 1.0    , 0.6721,       ,       ,           ,       ,        ,           ,           ,          ,          ,             , 
kripke.exe, "--niter10--pmethodsweep--groups16--legendre4--procs4,4,2", 32   , 0.703  , 1.0    ,       ,       ,       ,           , 0.2125, 0.1661 ,           ,           ,          ,          ,             , 
kripke.exe, --niter10--pmethodsweep--groups32--legendre0              , 1    , 0.4348 , 1.0    , 0.3094,       ,       ,           ,       ,        ,           ,           ,          ,          ,             , 
kripke.exe, "--niter10--pmethodsweep--groups32--legendre0--procs4,4,2", 32   , 0.6906 , 1.0    ,       ,       ,       ,           , 0.153 , 0.1231 ,           ,           ,          ,          ,             , 
kripke.exe, --niter10--pmethodsweep--groups32--legendre1              , 1    , 0.4705 , 1.0    , 0.5369,       ,       ,           ,       ,        ,           ,           ,          ,          ,             , 
kripke.exe, "--niter10--pmethodsweep--groups32--legendre1--procs4,4,2", 32   , 0.6836 , 1.0    ,       ,       ,       ,           , 0.1766, 0.1463 ,           ,           ,          ,          ,             , 
kripke.exe, --niter10--pmethodsweep--groups32--legendre2              , 1    , 0.4785 , 1.0    , 0.6832,       ,       ,           ,       ,        ,           ,           ,          ,          ,             , 
kripke.exe, "--niter10--pmethodsweep--groups32--legendre2--procs4,4,2", 32   , 0.7097 , 1.0    ,       ,       ,       ,           , 0.239 , 0.2027 ,           ,           ,          ,          ,             , 
kripke.exe, --niter10--pmethodsweep--groups32--legendre3              , 1    , 0.493  , 1.0    , 0.8898,       ,       ,           ,       ,        ,           ,           ,          ,          ,             , 
kripke.exe, "--niter10--pmethodsweep--groups32--legendre3--procs4,4,2", 32   , 0.5305 , 1.0    ,       ,       ,       ,           , 0.2131, 0.2764 ,           ,           ,          ,          ,             , 
kripke.exe, --niter10--pmethodsweep--groups32--legendre4              , 1    , 0.4855 , 1.0    , 1.1719,       ,       ,           ,       ,        ,           ,           ,          ,          ,             , 
kripke.exe, "--niter10--pmethodsweep--groups32--legendre4--procs4,4,2", 32   , 0.7357 , 1.0    ,       ,       ,       ,           , 0.3007, 0.3407 ,           ,           ,          ,          ,             , 
kripke.exe, --niter10--pmethodsweep--groups8--legendre0               , 1    , 0.5316 , 1.0    , 0.1267,       ,       ,           ,       ,        ,           ,           ,          ,          ,             , 
kripke.exe, "--niter10--pmethodsweep--groups8--legendre0--procs4,4,2" , 32   , 0.6064 , 1.0    ,       ,       ,       ,           ,       ,        ,           ,           ,          ,          ,             , 
kripke.exe, --niter10--pmethodsweep--groups8--legendre1               , 1    , 0.4816 , 1.0    , 0.146 ,       ,       ,           ,       ,        ,           ,           ,          ,          ,             , 
kripke.exe, "--niter10--pmethodsweep--groups8--legendre1--procs4,4,2" , 32   , 0.6219 , 1.0    ,       ,       ,       ,           ,       ,        ,           ,           ,          ,          ,             , 
kripke.exe, --niter10--pmethodsweep--groups8--legendre2               , 1    , 0.4723 , 1.0    , 0.1876,       ,       ,           ,       ,        ,           ,           ,          ,          ,             , 
kripke.exe, "--niter10--pmethodsweep--groups8--legendre2--procs4,4,2" , 32   , 0.5901 , 1.0    ,       ,       ,       ,           ,       ,        ,           ,           ,          ,          ,             , 
kripke.exe, --niter10--pmethodsweep--groups8--legendre3               , 1    , 0.4715 , 1.0    , 0.285 ,       ,       ,           ,       ,        ,           ,           ,          ,          ,             , 
kripke.exe, "--niter10--pmethodsweep--groups8--legendre3--procs4,4,2" , 32   , 0.6321 , 1.0    ,       ,       ,       ,           ,       ,        ,           ,           ,          ,          ,             , 
kripke.exe, --niter10--pmethodsweep--groups8--legendre4               , 1    , 0.4483 , 1.0    , 0.3337,       ,       ,           ,       ,        ,           ,           ,          ,          ,             , 
kripke.exe, "--niter10--pmethodsweep--groups8--legendre4--procs4,4,2" , 32   , 0.7013 , 1.0    ,       ,       ,       ,           , 0.1133,        ,           ,           ,          ,          ,             , 
kripke.exe, --niter15--pmethodbj--groups16--legendre0                 , 1    , 0.4447 , 1.0    , 0.1729,       ,       ,           ,       ,        ,           ,           ,          ,          ,             , 
kripke.exe, "--niter15--pmethodbj--groups16--legendre0--procs4,4,2"   , 32   , 0.703  , 1.0    ,       ,       ,       ,           ,       , 0.1072 ,           ,           ,          ,          ,             , 
kripke.exe, --niter15--pmethodbj--groups16--legendre1                 , 1    , 0.4839 , 1.0    , 0.249 ,       ,       ,           ,       ,        ,           ,           ,          ,          ,             , 
kripke.exe, "--niter15--pmethodbj--groups16--legendre1--procs4,4,2"   , 32   , 0.7054 , 1.0    ,       ,       ,       ,           , 0.1065, 0.1258 ,           ,           ,          ,          ,             , 
kripke.exe, --niter15--pmethodbj--groups16--legendre2                 , 1    , 0.4674 , 1.0    , 0.3204,       ,       ,           ,       ,        ,           ,           ,          ,          ,             , 
kripke.exe, "--niter15--pmethodbj--groups16--legendre2--procs4,4,2"   , 32   , 0.7055 , 1.0    ,       ,       ,       ,           , 0.1234, 0.1553 ,           ,           ,          ,          ,             , 
kripke.exe, --niter15--pmethodbj--groups16--legendre3                 , 1    , 0.4582 , 1.0    , 0.4234,       ,       ,           ,       ,        ,           ,           ,          ,          ,             , 
kripke.exe, "--niter15--pmethodbj--groups16--legendre3--procs4,4,2"   , 32   , 0.7071 , 1.0    ,       ,       ,       ,           , 0.1287, 0.1905 ,           ,           ,          ,          ,             , 
kripke.exe, --niter15--pmethodbj--groups16--legendre4                 , 1    , 0.4726 , 1.0    , 0.6446,       ,       ,           ,       ,        ,           ,           ,          ,          ,             , 
kripke.exe, "--niter15--pmethodbj--groups16--legendre4--procs4,4,2"   , 32   , 0.6785 , 1.0    ,       ,       ,       ,           , 0.1407, 0.2342 ,           ,           ,          ,          ,             , 
kripke.exe, --niter15--pmethodbj--groups32--legendre0                 , 1    , 0.4646 , 1.0    , 0.2644,       ,       ,           ,       ,        ,           ,           ,          ,          ,             , 
kripke.exe, "--niter15--pmethodbj--groups32--legendre0--procs4,4,2"   , 32   , 0.7603 , 1.0    ,       ,       ,       ,           , 0.1953, 0.2141 ,           ,           ,          ,          ,             , 
kripke.exe, --niter15--pmethodbj--groups32--legendre1                 , 1    , 0.4706 , 1.0    , 0.3537,       ,       ,           ,       ,        ,           ,           ,          ,          ,             , 
kripke.exe, "--niter15--pmethodbj--groups32--legendre1--procs4,4,2"   , 32   , 0.7385 , 1.0    ,       ,       ,       ,           , 0.2082, 0.2487 ,           ,           ,          ,          ,             , 
kripke.exe, --niter15--pmethodbj--groups32--legendre2                 , 1    , 0.4792 , 1.0    , 0.5112,       ,       ,           ,       ,        ,           ,           ,          ,          ,             , 
kripke.exe, "--niter15--pmethodbj--groups32--legendre2--procs4,4,2"   , 32   , 0.7196 , 1.0    ,       ,       ,       ,           , 0.2409, 0.3003 ,           ,           ,          ,          ,             , 
kripke.exe, --niter15--pmethodbj--groups32--legendre3                 , 1    , 0.5002 , 1.0    , 0.718 ,       ,       ,           ,       ,        ,           ,           ,          ,          ,             , 
kripke.exe, "--niter15--pmethodbj--groups32--legendre3--procs4,4,2"   , 32   , 0.7134 , 1.0    ,       ,       ,       ,           , 0.2849, 0.3864 ,           ,           ,          ,          ,             , 
kripke.exe, --niter15--pmethodbj--groups32--legendre4                 , 1    , 0.498  , 1.0    , 0.9612,       ,       ,           ,       ,        ,           ,           ,          ,          ,             , 
kripke.exe, "--niter15--pmethodbj--groups32--legendre4--procs4,4,2"   , 32   , 0.7678 , 1.0    ,       ,       ,       ,           , 0.314 , 0.4982 ,           ,           ,          ,          ,             , 
kripke.exe, --niter15--pmethodbj--groups8--legendre0                  , 1    , 0.4333 , 1.0    , 0.1322,       ,       ,           ,       ,        ,           ,           ,          ,          ,             , 
kripke.exe, "--niter15--pmethodbj--groups8--legendre0--procs4,4,2"    , 32   , 0.6146 , 1.0    ,       ,       ,       ,           ,       ,        ,           ,           ,          ,          ,             , 
kripke.exe, --niter15--pmethodbj--groups8--legendre1                  , 1    , 0.5018 , 1.0    , 0.1828,       ,       ,           ,       ,        ,           ,           ,          ,          ,             , 
kripke.exe, "--niter15--pmethodbj--groups8--legendre1--procs4,4,2"    , 32   , 0.6947 , 1.0    ,       ,       ,       ,           ,       ,        ,           ,           ,          ,          ,             , 
kripke.exe, --niter15--pmethodbj--groups8--legendre2                  , 1    , 0.4291 , 1.0    , 0.212 ,       ,       ,           ,       ,        ,           ,           ,          ,          ,             , 
kripke.exe, "--niter15--pmethodbj--groups8--legendre2--procs4,4,2"    , 32   , 0.6912 , 1.0    ,       ,       ,       ,           ,       ,        ,           ,           ,          ,          ,             , 
kripke.exe, --niter15--pmethodbj--groups8--legendre3                  , 1    , 0.4391 , 1.0    , 0.2574,       ,       ,           ,       ,        ,           ,           ,          ,          ,             , 
kripke.exe, "--niter15--pmethodbj--groups8--legendre3--procs4,4,2"    , 32   , 0.695  , 1.0    ,       ,       ,       ,           ,       , 0.1052 ,           ,           ,          ,          ,             , 
kripke.exe, --niter15--pmethodbj--groups8--legendre4                  , 1    , 0.4852 , 1.0    , 0.3214,       ,       ,           ,       ,        ,           ,           ,          ,          ,             , 
kripke.exe, "--niter15--pmethodbj--groups8--legendre4--procs4,4,2"    , 32   , 0.6629 , 1.0    ,       ,       ,       ,           ,       , 0.1336 ,           ,           ,          ,          ,             , 
kripke.exe, --niter15--pmethodsweep--groups16--legendre0              , 1    , 0.4375 , 1.0    , 0.218 ,       ,       ,           ,       ,        ,           ,           ,          ,          ,             , 
kripke.exe, "--niter15--pmethodsweep--groups16--legendre0--procs4,4,2", 32   , 0.62   , 1.0    ,       ,       ,       ,           , 0.1203, 0.1034 ,           ,           ,          ,          ,             , 
kripke.exe, --niter15--pmethodsweep--groups16--legendre1              , 1    , 0.4845 , 1.0    , 0.3256,       ,       ,           ,       ,        ,           ,           ,          ,          ,             , 
kripke.exe, "--niter15--pmethodsweep--groups16--legendre1--procs4,4,2", 32   , 0.6565 , 1.0    ,       ,       ,       ,           , 0.1391, 0.1189 ,           ,           ,          ,          ,             , 
kripke.exe, --niter15--pmethodsweep--groups16--legendre2              , 1    , 0.4664 , 1.0    , 0.4334,       ,       ,           ,       ,        ,           ,           ,          ,          ,             , 
kripke.exe, "--niter15--pmethodsweep--groups16--legendre2--procs4,4,2", 32   , 0.6866 , 1.0    ,       ,       ,       ,           , 0.1772, 0.1563 ,           ,           ,          ,          ,             , 
kripke.exe, --niter15--pmethodsweep--groups16--legendre3              , 1    , 0.4602 , 1.0    , 0.6235,       ,       ,           ,       ,        ,           ,           ,          ,          ,             , 
kripke.exe, "--niter15--pmethodsweep--groups16--legendre3--procs4,4,2", 32   , 0.7389 , 1.0    ,       ,       ,       ,           , 0.2367, 0.2043 ,           ,           ,          ,          ,             , 
kripke.exe, --niter15--pmethodsweep--groups16--legendre4              , 1    , 0.4721 , 1.0    , 1.0164,       ,       ,           ,       ,        ,           ,           ,          ,          ,             , 
kripke.exe, "--niter15--pmethodsweep--groups16--legendre4--procs4,4,2", 32   , 0.6772 , 1.0    ,       ,       ,       ,           , 0.2402, 0.2408 ,           ,           ,          ,          ,             , 
kripke.exe, --niter15--pmethodsweep--groups32--legendre0              , 1    , 0.4424 , 1.0    , 0.3932,       ,       ,           ,       ,        ,           ,           ,          ,          ,             , 
kripke.exe, "--niter15--pmethodsweep--groups32--legendre0--procs4,4,2", 32   , 0.6965 , 1.0    ,       ,       ,       ,           , 0.1512, 0.1738 ,           ,           ,          ,          ,             , 
kripke.exe, --niter15--pmethodsweep--groups32--legendre1              , 1    , 0.4741 , 1.0    , 0.5312,       ,       ,           ,       ,        ,           ,           ,          ,          ,             , 
kripke.exe, "--niter15--pmethodsweep--groups32--legendre1--procs4,4,2", 32   , 0.7075 , 1.0    ,       ,       ,       ,           , 0.2597, 0.2249 ,           ,           ,          ,          ,             , 
kripke.exe, --niter15--pmethodsweep--groups32--legendre2              , 1    , 0.463  , 1.0    , 0.7103,       ,       ,           ,       ,        ,           ,           ,          ,          ,             , 
kripke.exe, "--niter15--pmethodsweep--groups32--legendre2--procs4,4,2", 32   , 0.7017 , 1.0    ,       ,       ,       ,           , 0.3243, 0.2831 ,           ,           ,          ,          ,             , 
kripke.exe, --niter15--pmethodsweep--groups32--legendre3              , 1    , 0.4797 , 1.0    , 0.9337,       ,       ,           ,       ,        ,           ,           ,          ,          ,             , 
kripke.exe, "--niter15--pmethodsweep--groups32--legendre3--procs4,4,2", 32   , 0.7401 , 1.0    ,       ,       ,       ,           , 0.4401, 0.3787 ,           ,           ,          ,          ,             , 
kripke.exe, --niter15--pmethodsweep--groups32--legendre4              , 1    , 0.4874 , 1.0    , 1.5586,       ,       ,           ,       ,        ,           ,           ,          ,          ,             , 0.1117
kripke.exe, "--niter15--pmethodsweep--groups32--legendre4--procs4,4,2", 32   , 0.7192 , 1.0    ,       ,       ,       ,           , 0.5609, 0.4805 ,           ,           ,          ,          ,             , 
kripke.exe, --niter15--pmethodsweep--groups8--legendre0               , 1    , 0.4092 , 1.0    , 0.1123,       ,       ,           ,       ,        ,           ,           ,          ,          ,             , 
kripke.exe, "--niter15--pmethodsweep--groups8--legendre0--procs4,4,2" , 32   , 0.6858 , 1.0    ,       ,       ,       ,           ,       ,        ,           ,           ,          ,          ,             , 
kripke.exe, --niter15--pmethodsweep--groups8--legendre1               , 1    , 0.4619 , 1.0    , 0.1973,       ,       ,           ,       ,        ,           ,           ,          ,          ,             , 
kripke.exe, "--niter15--pmethodsweep--groups8--legendre1--procs4,4,2" , 32   , 0.6501 , 1.0    ,       ,       ,       ,           ,       ,        ,           ,           ,          ,          ,             , 
kripke.exe, --niter15--pmethodsweep--groups8--legendre2               , 1    , 0.4566 , 1.0    , 0.299 ,       ,       ,           ,       ,        ,           ,           ,          ,          ,             , 
kripke.exe, "--niter15--pmethodsweep--groups8--legendre2--procs4,4,2" , 32   , 0.6772 , 1.0    ,       ,       ,       ,           , 0.101 ,        ,           ,           ,          ,          ,             , 
kripke.exe, --niter15--pmethodsweep--groups8--legendre3               , 1    , 0.4879 , 1.0    , 0.3456,       ,       ,           ,       ,        ,           ,           ,          ,          ,             , 
kripke.exe, "--niter15--pmethodsweep--groups8--legendre3--procs4,4,2" , 32   , 0.7161 , 1.0    ,       ,       ,       ,           , 0.1252, 0.109  ,           ,           ,          ,          ,             , 
kripke.exe, --niter15--pmethodsweep--groups8--legendre4               , 1    , 0.4828 , 1.0    , 0.4452,       ,       ,           ,       ,        ,           ,           ,          ,          ,             , 
kripke.exe, "--niter15--pmethodsweep--groups8--legendre4--procs4,4,2" , 32   , 0.703  , 1.0    ,       ,       ,       ,           , 0.156 , 0.1227 ,           ,           ,          ,          ,             , 
kripke.exe, --niter40--pmethodsweep--groups16--legendre0              , 1    , 0.4255 , 1.0    , 0.3266,       ,       ,           ,       ,        ,           ,           ,          ,          ,             , 
kripke.exe, "--niter40--pmethodsweep--groups16--legendre0--procs4,4,2", 32   , 0.6176 , 1.0    ,       ,       ,       ,           , 0.2229, 0.1979 ,           ,           ,          ,          ,             , 
kripke.exe, --niter40--pmethodsweep--groups16--legendre1              , 1    , 0.9206 , 1.0    , 0.9818,       ,       ,           ,       ,        ,           ,           ,          ,          ,             , 
kripke.exe, "--niter40--pmethodsweep--groups16--legendre1--procs4,4,2", 32   , 0.6263 , 1.0    ,       ,       ,       ,           , 0.2821, 0.2485 ,           ,           ,          ,          ,             , 
kripke.exe, --niter40--pmethodsweep--groups16--legendre2              , 1    , 0.4659 , 1.0    , 0.6441,       ,       ,           ,       ,        ,           ,           ,          ,          ,             , 
kripke.exe, "--niter40--pmethodsweep--groups16--legendre2--procs4,4,2", 32   , 0.575  , 1.0    ,       ,       ,       ,           , 0.3728, 0.3142 ,           ,           ,          ,          ,             , 
kripke.exe, --niter40--pmethodsweep--groups16--legendre3              , 1    , 0.4685 , 1.0    , 0.8053,       ,       ,           ,       ,        ,           ,           ,          ,          ,             , 
kripke.exe, "--niter40--pmethodsweep--groups16--legendre3--procs4,4,2", 32   , 0.6711 , 1.0    ,       ,       ,       ,           , 0.4685, 0.4019 ,           ,           ,          ,          ,             , 
kripke.exe, --niter40--pmethodsweep--groups16--legendre4              , 1    , 0.4692 , 1.0    , 0.9632,       ,       ,           ,       ,        ,           ,           ,          ,          ,             , 0.1179
kripke.exe, "--niter40--pmethodsweep--groups16--legendre4--procs4,4,2", 32   , 0.4295 , 1.0    ,       ,       ,       ,           , 0.6064, 0.483  ,           ,           ,          ,          ,             , 
kripke.exe, --niter40--pmethodsweep--groups32--legendre0              , 1    , 0.4505 , 1.0    , 0.4895,       ,       ,           ,       ,        ,           ,           ,          ,          ,             , 
kripke.exe, "--niter40--pmethodsweep--groups32--legendre0--procs4,4,2", 32   , 0.7165 , 1.0    ,       ,       ,       ,           , 0.3923, 0.3628 ,           ,           ,          ,          ,             , 
kripke.exe, --niter40--pmethodsweep--groups32--legendre1              , 1    , 0.4769 , 1.0    , 0.6448,       ,       ,           ,       ,        ,           ,           ,          ,          ,             , 
kripke.exe, "--niter40--pmethodsweep--groups32--legendre1--procs4,4,2", 32   , 0.7043 , 1.0    ,       ,       ,       ,           , 0.491 , 0.4088 ,           ,           ,          ,          ,             , 
kripke.exe, --niter40--pmethodsweep--groups32--legendre2              , 1    , 0.4766 , 1.0    , 0.9562,       ,       ,           ,       ,        ,           ,           ,          ,          ,             , 0.1356
kripke.exe, "--niter40--pmethodsweep--groups32--legendre2--procs4,4,2", 32   , 0.7045 , 1.0    ,       ,       ,       ,           , 0.6489, 0.5633 ,           ,           ,          ,          ,             , 
kripke.exe, --niter40--pmethodsweep--groups32--legendre3              , 1    , 0.4841 , 1.0    , 1.3495,       ,       ,           ,       ,        ,           ,           ,          ,          ,             , 0.1539
kripke.exe, "--niter40--pmethodsweep--groups32--legendre3--procs4,4,2", 32   , 0.7294 , 1.0    ,       ,       ,       ,           , 0.8376, 0.7034 ,           ,           ,          ,          ,             , 
kripke.exe, --niter40--pmethodsweep--groups32--legendre4              , 1    , 0.5018 , 1.0    , 1.9074,       ,       ,           ,       ,        ,           ,           ,          ,          ,             , 0.2595
kripke.exe, "--niter40--pmethodsweep--groups32--legendre4--procs4,4,2", 32   , 0.7326 , 1.0    ,       ,       ,       ,           , 1.0491, 0.8558 ,           ,           ,          ,          ,             , 
kripke.exe, --niter40--pmethodsweep--groups8--legendre0               , 1    , 0.449  , 1.0    , 0.2075,       ,       ,           ,       ,        ,           ,           ,          ,          ,             , 
kripke.exe, "--niter40--pmethodsweep--groups8--legendre0--procs4,4,2" , 32   , 0.6168 , 1.0    ,       ,       ,       ,           , 0.1368, 0.1137 ,           ,           ,          ,          ,             , 
kripke.exe, --niter40--pmethodsweep--groups8--legendre1               , 1    , 0.4657 , 1.0    , 0.2678,       ,       ,           ,       ,        ,           ,           ,          ,          ,             , 
kripke.exe, "--niter40--pmethodsweep--groups8--legendre1--procs4,4,2" , 32   , 0.6665 , 1.0    ,       ,       ,       ,           , 0.1688, 0.1397 ,           ,           ,          ,          ,             , 
kripke.exe, --niter40--pmethodsweep--groups8--legendre2               , 1    , 0.4673 , 1.0    , 0.321 ,       ,       ,           ,       ,        ,           ,           ,          ,          ,             , 
kripke.exe, "--niter40--pmethodsweep--groups8--legendre2--procs4,4,2" , 32   , 0.6725 , 1.0    ,       ,       ,       ,           , 0.2035, 0.172  ,           ,           ,          ,          ,             , 
kripke.exe, --niter40--pmethodsweep--groups8--legendre3               , 1    , 0.4586 , 1.0    , 0.4598,       ,       ,           ,       ,        ,           ,           ,          ,          ,             , 
kripke.exe, "--niter40--pmethodsweep--groups8--legendre3--procs4,4,2" , 32   , 0.6772 , 1.0    ,       ,       ,       ,           , 0.2618, 0.2078 ,           ,           ,          ,          ,             , 
kripke.exe, --niter40--pmethodsweep--groups8--legendre4               , 1    , 0.4642 , 1.0    , 0.5905,       ,       ,           ,       ,        ,           ,           ,          ,          ,             , 
kripke.exe, "--niter40--pmethodsweep--groups8--legendre4--procs4,4,2" , 32   , 0.6882 , 1.0    ,       ,       ,       ,           , 0.3213, 0.2868 ,           ,           ,          ,          ,             , 
kripke.exe, --niter5--pmethodbj--groups16--legendre0                  , 1    , 0.4387 , 1.0    , 0.1422,       ,       ,           ,       ,        ,           ,           ,          ,          ,             , 
kripke.exe, "--niter5--pmethodbj--groups16--legendre0--procs4,4,2"    , 32   , 0.6553 , 1.0    ,       ,       ,       ,           ,       ,        ,           ,           ,          ,          ,             , 
kripke.exe, --niter5--pmethodbj--groups16--legendre1                  , 1    , 0.2526 , 1.0    , 0.1555,       ,       ,           ,       ,        ,           ,           ,          ,          ,             , 
kripke.exe, "--niter5--pmethodbj--groups16--legendre1--procs4,4,2"    , 32   , 0.6812 , 1.0    ,       ,       ,       ,           ,       ,        ,           ,           ,          ,          ,             , 
kripke.exe, --niter5--pmethodbj--groups16--legendre2                  , 1    , 0.4712 , 1.0    , 0.2172,       ,       ,           ,       ,        ,           ,           ,          ,          ,             , 
kripke.exe, "--niter5--pmethodbj--groups16--legendre2--procs4,4,2"    , 32   , 0.7105 , 1.0    ,       ,       ,       ,           ,       ,        ,           ,           ,          ,          ,             , 
kripke.exe, --niter5--pmethodbj--groups16--legendre3                  , 1    , 0.477  , 1.0    , 0.2655,       ,       ,           ,       ,        ,           ,           ,          ,          ,             , 
kripke.exe, "--niter5--pmethodbj--groups16--legendre3--procs4,4,2"    , 32   , 0.6874 , 1.0    ,       ,       ,       ,           ,       ,        ,           ,           ,          ,          ,             , 
kripke.exe, --niter5--pmethodbj--groups16--legendre4                  , 1    , 0.4677 , 1.0    , 0.4454,       ,       ,           ,       ,        ,           ,           ,          ,          ,             , 
kripke.exe, "--niter5--pmethodbj--groups16--legendre4--procs4,4,2"    , 32   , 0.6608 , 1.0    ,       ,       ,       ,           , 0.1041, 0.1062 ,           ,           ,          ,          ,             , 
kripke.exe, --niter5--pmethodbj--groups32--legendre0                  , 1    , 0.4658 , 1.0    , 0.1809,       ,       ,           ,       ,        ,           ,           ,          ,          ,             , 
kripke.exe, "--niter5--pmethodbj--groups32--legendre0--procs4,4,2"    , 32   , 0.7036 , 1.0    ,       ,       ,       ,           ,       ,        ,           ,           ,          ,          ,             , 
kripke.exe, --niter5--pmethodbj--groups32--legendre1                  , 1    , 0.4716 , 1.0    , 0.2643,       ,       ,           ,       ,        ,           ,           ,          ,          ,             , 
kripke.exe, "--niter5--pmethodbj--groups32--legendre1--procs4,4,2"    , 32   , 0.716  , 1.0    ,       ,       ,       ,           , 0.1169, 0.1086 ,           ,           ,          ,          ,             , 
kripke.exe, --niter5--pmethodbj--groups32--legendre2                  , 1    , 0.4799 , 1.0    , 0.4063,       ,       ,           ,       ,        ,           ,           ,          ,          ,             , 
kripke.exe, "--niter5--pmethodbj--groups32--legendre2--procs4,4,2"    , 32   , 0.7358 , 1.0    ,       ,       ,       ,           , 0.1414, 0.1245 ,           ,           ,          ,          ,             , 
kripke.exe, --niter5--pmethodbj--groups32--legendre3                  , 1    , 0.4854 , 1.0    , 0.4808,       ,       ,           ,       ,        ,           ,           ,          ,          ,             , 
kripke.exe, "--niter5--pmethodbj--groups32--legendre3--procs4,4,2"    , 32   , 0.7098 , 1.0    ,       ,       ,       ,           , 0.1713, 0.1719 ,           ,           ,          ,          ,             , 
kripke.exe, --niter5--pmethodbj--groups32--legendre4                  , 1    , 0.4949 , 1.0    , 0.6661,       ,       ,           ,       ,        ,           ,           ,          ,          ,             , 
kripke.exe, "--niter5--pmethodbj--groups32--legendre4--procs4,4,2"    , 32   , 0.7231 , 1.0    ,       ,       ,       ,           , 0.2139, 0.214  ,           ,           ,          ,          ,             , 
kripke.exe, --niter5--pmethodbj--groups8--legendre0                   , 1    , 0.4882 , 1.0    ,       ,       ,       ,           ,       ,        ,           ,           ,          ,          ,             , 
kripke.exe, "--niter5--pmethodbj--groups8--legendre0--procs4,4,2"     , 32   , 0.6685 , 1.0    ,       ,       ,       ,           ,       ,        ,           ,           ,          ,          ,             , 
kripke.exe, --niter5--pmethodbj--groups8--legendre1                   , 1    , 0.4839 , 1.0    ,       ,       ,       ,           ,       ,        ,           ,           ,          ,          ,             , 
kripke.exe, "--niter5--pmethodbj--groups8--legendre1--procs4,4,2"     , 32   , 0.6176 , 1.0    ,       ,       ,       ,           ,       ,        ,           ,           ,          ,          ,             , 
kripke.exe, --niter5--pmethodbj--groups8--legendre2                   , 1    , 0.5118 , 1.0    , 0.1699,       ,       ,           ,       ,        ,           ,           ,          ,          ,             , 
kripke.exe, "--niter5--pmethodbj--groups8--legendre2--procs4,4,2"     , 32   , 0.7274 , 1.0    ,       ,       ,       ,           ,       ,        ,           ,           ,          ,          ,             , 
kripke.exe, --niter5--pmethodbj--groups8--legendre3                   , 1    , 0.5324 , 1.0    , 0.1584,       ,       ,           ,       ,        ,           ,           ,          ,          ,             , 
kripke.exe, "--niter5--pmethodbj--groups8--legendre3--procs4,4,2"     , 32   , 0.6256 , 1.0    ,       ,       ,       ,           ,       ,        ,           ,           ,          ,          ,             , 
kripke.exe, --niter5--pmethodbj--groups8--legendre4                   , 1    , 0.4817 , 1.0    , 0.1937,       ,       ,           ,       ,        ,           ,           ,          ,          ,             , 
kripke.exe, "--niter5--pmethodbj--groups8--legendre4--procs4,4,2"     , 32   , 0.6695 , 1.0    ,       ,       ,       ,           ,       ,        ,           ,           ,          ,          ,             , 
kripke.exe, --niter5--pmethodsweep--groups16--legendre0               , 1    , 0.4571 , 1.0    , 0.1317,       ,       ,           ,       ,        ,           ,           ,          ,          ,             , 
kripke.exe, "--niter5--pmethodsweep--groups16--legendre0--procs4,4,2" , 32   , 0.5824 , 1.0    ,       ,       ,       ,           ,       ,        ,           ,           ,          ,          ,             , 
kripke.exe, --niter5--pmethodsweep--groups16--legendre1               , 1    , 0.4791 , 1.0    , 0.2289,       ,       ,           ,       ,        ,           ,           ,          ,          ,             , 
kripke.exe, "--niter5--pmethodsweep--groups16--legendre1--procs4,4,2" , 32   , 0.6498 , 1.0    ,       ,       ,       ,           ,       ,        ,           ,           ,          ,          ,             , 
kripke.exe, --niter5--pmethodsweep--groups16--legendre2               , 1    , 0.4829 , 1.0    , 0.2854,       ,       ,           ,       ,        ,           ,           ,          ,          ,             , 
kripke.exe, "--niter5--pmethodsweep--groups16--legendre2--procs4,4,2" , 32   , 0.7219 , 1.0    ,       ,       ,       ,           ,       ,        ,           ,           ,          ,          ,             , 
kripke.exe, --niter5--pmethodsweep--groups16--legendre3               , 1    , 0.4632 , 1.0    , 0.3659,       ,       ,           ,       ,        ,           ,           ,          ,          ,             , 
kripke.exe, "--niter5--pmethodsweep--groups16--legendre3--procs4,4,2" , 32   , 0.6811 , 1.0    ,       ,       ,       ,           ,       ,        ,           ,           ,          ,          ,             , 
kripke.exe, --niter5--pmethodsweep--groups16--legendre4               , 1    , 0.4748 , 1.0    , 0.4905,       ,       ,           ,       ,        ,           ,           ,          ,          ,             , 
kripke.exe, "--niter5--pmethodsweep--groups16--legendre4--procs4,4,2" , 32   , 0.7008 , 1.0    ,       ,       ,       ,           , 0.1218, 0.1054 ,           ,           ,          ,          ,             , 
kripke.exe, --niter5--pmethodsweep--groups32--legendre0               , 1    , 0.4599 , 1.0    , 0.2585,       ,       ,           ,       ,        ,           ,           ,          ,          ,             , 
kripke.exe, "--niter5--pmethodsweep--groups32--legendre0--procs4,4,2" , 32   , 0.3184 , 1.0    ,       ,       ,       ,           ,       ,        ,           ,           ,          ,          ,             , 
kripke.exe, --niter5--pmethodsweep--groups32--legendre1               , 1    , 0.4635 , 1.0    , 0.327 ,       ,       ,           ,       ,        ,           ,           ,          ,          ,             , 
kripke.exe, "--niter5--pmethodsweep--groups32--legendre1--procs4,4,2" , 32   , 0.7044 , 1.0    ,       ,       ,       ,           , 0.1048,        ,           ,           ,          ,          ,             , 
kripke.exe, --niter5--pmethodsweep--groups32--legendre2               , 1    , 0.4741 , 1.0    , 0.5472,       ,       ,           ,       ,        ,           ,           ,          ,          ,             , 
kripke.exe, "--niter5--pmethodsweep--groups32--legendre2--procs4,4,2" , 32   , 0.3928 , 1.0    ,       ,       ,       ,           , 0.1441, 0.1233 ,           ,           ,          ,          ,             , 
kripke.exe, --niter5--pmethodsweep--groups32--legendre3               , 1    , 0.2352 , 1.0    , 0.6022,       ,       ,           ,       ,        ,           ,           ,          ,          ,             , 
kripke.exe, "--niter5--pmethodsweep--groups32--legendre3--procs4,4,2" , 32   , 0.5522 , 1.0    ,       ,       ,       ,           , 0.1746, 0.1481 ,           ,           ,          ,          ,             , 
kripke.exe, --niter5--pmethodsweep--groups32--legendre4               , 1    , 0.4868 , 1.0    , 0.8441,       ,       ,           ,       ,        ,           ,           ,          ,          ,             , 
kripke.exe, "--niter5--pmethodsweep--groups32--legendre4--procs4,4,2" , 32   , 0.4377 , 1.0    ,       ,       ,       ,           , 0.2426, 0.2131 ,           ,           ,          ,          ,             , 
kripke.exe, --niter5--pmethodsweep--groups8--legendre0                , 1    , 0.4494 , 1.0    ,       ,       ,       ,           ,       ,        ,           ,           ,          ,          ,             , 
kripke.exe, "--niter5--pmethodsweep--groups8--legendre0--procs4,4,2"  , 32   , 0.684  , 1.0    ,       ,       ,       ,           ,       ,        ,           ,           ,          ,          ,             , 
kripke.exe, --niter5--pmethodsweep--groups8--legendre1                , 1    , 0.4589 , 1.0    ,       ,       ,       ,           ,       ,        ,           ,           ,          ,          ,             , 
kripke.exe, "--niter5--pmethodsweep--groups8--legendre1--procs4,4,2"  , 32   , 0.6551 , 1.0    ,       ,       ,       ,           ,       ,        ,           ,           ,          ,          ,             , 
kripke.exe, --niter5--pmethodsweep--groups8--legendre2                , 1    , 0.4701 , 1.0    , 0.1502,       ,       ,           ,       ,        ,           ,           ,          ,          ,             , 
kripke.exe, "--niter5--pmethodsweep--groups8--legendre2--procs4,4,2"  , 32   , 0.6158 , 1.0    ,       ,       ,       ,           ,       ,        ,           ,           ,          ,          ,             , 
kripke.exe, --niter5--pmethodsweep--groups8--legendre3                , 1    , 0.4663 , 1.0    , 0.1769,       ,       ,           ,       ,        ,           ,           ,          ,          ,             , 
kripke.exe, "--niter5--pmethodsweep--groups8--legendre3--procs4,4,2"  , 32   , 0.6424 , 1.0    ,       ,       ,       ,           ,       ,        ,           ,           ,          ,          ,             , 
kripke.exe, --niter5--pmethodsweep--groups8--legendre4                , 1    , 0.4767 , 1.0    , 0.3158,       ,       ,           ,       ,        ,           ,           ,          ,          ,             , 
kripke.exe, "--niter5--pmethodsweep--groups8--legendre4--procs4,4,2"  , 32   , 0.6513 , 1.0    ,       ,       ,       ,           ,       ,        ,           ,           ,          ,          ,             , 
laghos    , -p1-dim2-rs2-tf3                                          , 1    , 0.75   , 1.0    ,       , 0.6661, 0.4462,           , 1.2354, 0.693  , 0.6442    , 0.1918    , 0.4086   , 0.1024   , 0.4665      , 
laghos    , -p1-dim2-rs2-tf3-pa                                       , 1    , 0.7489 , 1.0    ,       , 0.6653, 0.4496, 0.1817    , 1.2382, 0.7011 , 0.6364    , 0.1931    , 0.41     , 0.1031   , 0.4922      , 
laghos    , -p1-dim2-rs2-tf3.1                                        , 1    , 0.7496 , 1.0    ,       , 0.6587, 0.4376, 0.1804    , 1.2418, 0.6894 , 0.6533    , 0.1925    , 0.4009   , 0.1021   , 0.4933      , 
laghos    , -p1-dim2-rs2-tf3.1-pa                                     , 1    , 0.7558 , 1.0    ,       , 0.6658, 0.4475, 0.1823    , 1.2092, 0.7013 , 0.6527    , 0.1973    , 0.4156   , 0.1027   , 0.4922      , 
laghos    , -p1-dim2-rs2-tf3.2                                        , 1    , 0.7328 , 1.0    ,       , 0.6761, 0.4495, 0.1831    , 1.2503, 0.7047 , 0.6694    , 0.1943    , 0.4252   , 0.1042   , 0.5072      , 
laghos    , -p1-dim2-rs2-tf3.2-pa                                     , 1    , 0.6969 , 1.0    ,       , 0.6666, 0.4471, 0.1804    , 1.2392, 0.6858 , 0.6511    , 0.1926    , 0.4196   , 0.103    , 0.5129      , 
laghos    , -p1-dim2-rs2-tf3.3                                        , 1    , 0.7534 , 1.0    ,       , 0.6673, 0.4507, 0.1828    , 1.2392, 0.703  , 0.662     , 0.1947    , 0.428    , 0.1047   , 0.5281      , 
laghos    , -p1-dim2-rs2-tf3.3-pa                                     , 1    , 0.711  , 1.0    ,       , 0.6633, 0.448 , 0.1824    , 1.224 , 0.6963 , 0.6673    , 0.1933    , 0.4245   , 0.103    , 0.5217      , 
laghos    , -p1-dim2-rs2-tf3.4                                        , 1    , 0.7551 , 1.0    ,       , 0.6694, 0.4499,           , 1.2524, 0.6951 , 0.6777    , 0.1946    , 0.4339   , 0.1042   , 0.5395      , 
laghos    , -p1-dim2-rs2-tf3.4-pa                                     , 1    , 0.7333 , 1.0    ,       , 0.6693, 0.4484, 0.1522    , 1.232 , 0.7009 , 0.6628    , 0.1991    , 0.4334   , 0.1031   , 0.5007      , 
laghos    , -p1-dim2-rs2-tf3.5                                        , 1    , 0.7572 , 1.0    ,       , 0.6714, 0.4493, 0.1832    , 1.2499, 0.6918 , 0.6684    , 0.1957    , 0.4365   , 0.1043   , 0.5423      , 
laghos    , -p1-dim2-rs2-tf3.5-pa                                     , 1    , 0.7191 , 1.0    ,       , 0.662 , 0.45  , 0.1817    , 1.2474, 0.7031 , 0.6683    , 0.1946    , 0.4381   , 0.1042   , 0.5291      , 
laghos    , -p1-dim2-rs2-tf3.6                                        , 1    , 0.7586 , 1.0    ,       , 0.6719, 0.4483, 0.1832    , 1.2511, 0.7042 , 0.6842    , 0.1957    , 0.4444   , 0.1049   , 0.5309      , 
laghos    , -p1-dim2-rs2-tf3.6-pa                                     , 1    , 0.7391 , 1.0    ,       , 0.6612, 0.4485, 0.1819    , 1.247 , 0.6918 , 0.6517    , 0.194     , 0.4432   , 0.1046   , 0.5181      , 
laghos    , -p1-dim2-rs2-tf3.7                                        , 1    , 0.7518 , 1.0    ,       , 0.6695, 0.4477, 0.1814    , 1.2483, 0.7013 , 0.6804    , 0.1949    , 0.4441   , 0.1042   , 0.535       , 
laghos    , -p1-dim2-rs2-tf3.7-pa                                     , 1    , 0.7485 , 1.0    ,       , 0.677 , 0.4553, 0.1855    , 1.2694, 0.6997 , 0.6705    , 0.1972    , 0.4534   , 0.1055   , 0.5439      , 
laghos    , -p1-dim2-rs2-tf3.8                                        , 1    , 0.7622 , 1.0    ,       , 0.7078, 0.476 , 0.193     , 1.3161, 0.7416 , 0.7193    , 0.2068    , 0.4789   , 0.1123   , 0.5868      , 
laghos    , -p1-dim2-rs2-tf3.8-pa                                     , 1    , 0.712  , 1.0    ,       , 0.6595, 0.4489, 0.1822    , 1.2282, 0.7013 , 0.6684    , 0.1942    , 0.4531   , 0.1038   , 0.562       , 
laghos    , -p1-dim2-rs2-tf3.9                                        , 1    , 0.7325 , 1.0    ,       , 0.6846, 0.4588, 0.1844    , 1.2511, 0.7072 , 0.7101    , 0.2045    , 0.4634   , 0.1072   , 0.5756      , 
laghos    , -p1-dim2-rs2-tf3.9-pa                                     , 1    , 0.7547 , 1.0    ,       , 0.6713, 0.45  , 0.1822    , 1.2297, 0.7027 , 0.6707    , 0.2005    , 0.4554   , 0.1049   , 0.5508      , 
laghos    , -p1-dim2-rs2-tf4                                          , 1    , 0.8082 , 1.0    ,       , 0.7155, 0.4824, 0.1961    , 1.3187, 0.7584 , 0.7407    , 0.2108    , 0.496    , 0.1126   , 0.6022      , 
laghos    , -p1-dim2-rs2-tf4-pa                                       , 1    , 0.7988 , 1.0    ,       , 0.7119, 0.4769, 0.1939    , 1.306 , 0.7404 , 0.7412    , 0.2139    , 0.4878   , 0.1117   , 0.5932      , 
laghos    , -p1-dim2-rs2-tf4.1                                        , 1    , 0.756  , 1.0    ,       , 0.6729, 0.4489, 0.1826    , 1.2555, 0.7038 , 0.7026    , 0.2017    , 0.4657   , 0.106    , 0.55        , 
laghos    , -p1-dim2-rs2-tf4.1-pa                                     , 1    , 0.726  , 1.0    ,       , 0.6685, 0.4486, 0.1819    , 1.2396, 0.7032 , 0.7018    , 0.1964    , 0.4615   , 0.1061   , 0.5723      , 
laghos    , -p1-dim2-rs2-tf4.2                                        , 1    , 0.7509 , 1.0    ,       , 0.6691, 0.4488, 0.1823    , 1.2583, 0.7027 , 0.7051    , 0.1963    , 0.4712   , 0.1056   , 0.5742      , 
laghos    , -p1-dim2-rs2-tf4.2-pa                                     , 1    , 0.73   , 1.0    ,       , 0.6644, 0.4501, 0.1836    , 1.2603, 0.6987 , 0.6982    , 0.1981    , 0.4723   , 0.108    , 0.5579      , 
laghos    , -p1-dim2-rs2-tf4.3                                        , 1    , 0.7576 , 1.0    ,       , 0.6719, 0.4486, 0.1834    , 1.2523, 0.711  , 0.7197    , 0.1981    , 0.4805   , 0.1071   , 0.5711      , 
laghos    , -p1-dim2-rs2-tf4.3-pa                                     , 1    , 0.7518 , 1.0    ,       , 0.667 , 0.449 , 0.1846    , 1.2582, 0.6974 , 0.7177    , 0.1977    , 0.4793   , 0.1063   , 0.5859      , 
laghos    , -p1-dim2-rs2-tf4.4                                        , 1    , 0.7584 , 1.0    ,       , 0.6784, 0.4518, 0.1836    , 1.2703, 0.7099 , 0.7268    , 0.1983    , 0.49     , 0.1073   , 0.5995      , 
laghos    , -p1-dim2-rs2-tf4.4-pa                                     , 1    , 0.7372 , 1.0    ,       , 0.6762, 0.4526, 0.1841    , 1.274 , 0.7019 , 0.7246    , 0.2008    , 0.4896   , 0.1081   , 0.5688      , 
laghos    , -p1-dim2-rs2-tf4.5                                        , 1    , 0.7899 , 1.0    ,       , 0.7029, 0.4716, 0.1908    , 1.32  , 0.7422 , 0.7416    , 0.2078    , 0.5157   , 0.113    , 0.6203      , 
laghos    , -p1-dim2-rs2-tf4.5-pa                                     , 1    , 0.7974 , 1.0    ,       , 0.7008, 0.475 , 0.1931    , 1.3316, 0.746  , 0.764     , 0.2158    , 0.5119   , 0.1124   , 0.6428      , 
laghos    , -p1-dim2-rs2-tf4.6                                        , 1    , 0.744  , 1.0    ,       , 0.665 , 0.4512, 0.1841    , 1.2725, 0.7008 , 0.715     , 0.2003    , 0.5005   , 0.1076   , 0.6017      , 
laghos    , -p1-dim2-rs2-tf4.6-pa                                     , 1    , 0.7563 , 1.0    ,       , 0.6752, 0.4519, 0.1835    , 1.2665, 0.7124 , 0.7344    , 0.1991    , 0.4994   , 0.1084   , 0.5974      , 
laghos    , -p1-dim2-rs2-tf4.7                                        , 1    , 0.7463 , 1.0    ,       , 0.6951, 0.4676, 0.1902    , 1.3156, 0.7332 , 0.7507    , 0.2071    , 0.524    , 0.1122   , 0.6258      , 
laghos    , -p1-dim2-rs2-tf4.7-pa                                     , 1    , 0.7912 , 1.0    ,       , 0.7068, 0.4723, 0.1922    , 1.3292, 0.7314 , 0.759     , 0.2146    , 0.5266   , 0.1132   , 0.635       , 
laghos    , -p1-dim2-rs2-tf4.8                                        , 1    , 0.827  , 1.0    ,       , 0.7428, 0.496 , 0.2009    , 1.3905, 0.7794 , 0.7989    , 0.2182    , 0.5566   , 0.1183   , 0.6708      , 
laghos    , -p1-dim2-rs2-tf4.8-pa                                     , 1    , 0.7553 , 1.0    ,       , 0.6722, 0.4516, 0.1833    , 1.2678, 0.7075 , 0.7221    , 0.2045    , 0.5046   , 0.108    , 0.6254      , 
laghos    , -p1-dim2-rs2-tf4.9                                        , 1    , 0.7518 , 1.0    ,       , 0.6878, 0.4674, 0.1908    , 1.3094, 0.7343 , 0.7638    , 0.2072    , 0.5275   , 0.1117   , 0.6396      , 
laghos    , -p1-dim2-rs2-tf4.9-pa                                     , 1    , 0.7994 , 1.0    ,       , 0.7202, 0.4818, 0.1949    , 1.3463, 0.7488 , 0.7756    , 0.214     , 0.5442   , 0.115    , 0.6248      , 
laghos    , -p1-dim2-rs2-tf5                                          , 1    , 0.7684 , 1.0    ,       , 0.6829, 0.4566, 0.1869    , 1.291 , 0.7224 , 0.7535    , 0.2078    , 0.5212   , 0.1119   , 0.6235      , 
laghos    , -p1-dim2-rs2-tf5-pa                                       , 1    , 0.7983 , 1.0    ,       , 0.7134, 0.478 , 0.1947    , 1.3465, 0.7465 , 0.7936    , 0.2121    , 0.5459   , 0.1161   , 0.6621      , 
laghos    , -p1-dim2-rs2-tf5.5                                        , 1    , 0.802  , 1.0    ,       , 0.7201, 0.4803,           , 1.3457, 0.7571 , 0.8062    , 0.2139    , 0.5556   , 0.1162   , 0.6736      , 
laghos    , -p1-dim2-rs2-tf5.5-pa                                     , 1    , 0.8071 , 1.0    ,       , 0.7173, 0.4836, 0.197     , 1.367 , 0.7611 , 0.7833    , 0.215     , 0.5668   , 0.1163   , 0.668       , 
laghos    , -p1-dim2-rs3-tf3                                          , 1    , 0.7559 , 1.0    ,       , 0.7503, 0.5215, 0.6035    , 1.486 , 0.8048 , 0.9862    , 0.6151    , 0.7335   , 0.365    , 0.9259      , 0.1918
laghos    , -p1-dim2-rs3-tf3-pa                                       , 1    , 0.7689 , 1.0    ,       , 0.7512, 0.5208, 0.6017    , 1.4745, 0.7971 , 0.9863    , 0.6109    , 0.7334   , 0.3676   , 0.9364      , 0.1894
laghos    , -p1-dim2-rs3-tf3.1                                        , 1    , 0.76   , 1.0    ,       , 0.7462, 0.5155, 0.5964    , 1.4653, 0.7912 , 0.988     , 0.6077    , 0.7294   , 0.3591   , 0.9111      , 0.1888
laghos    , -p1-dim2-rs3-tf3.1-pa                                     , 1    , 0.7581 , 1.0    ,       , 0.7465, 0.5172, 0.596     , 1.4643, 0.8002 , 0.9904    , 0.6198    , 0.7314   , 0.3634   , 0.9272      , 0.1935
laghos    , -p1-dim2-rs3-tf3.2                                        , 1    , 0.7466 , 1.0    ,       , 0.738 , 0.5083, 0.5866    , 1.4444, 0.7787 , 0.9699    , 0.6128    , 0.7204   , 0.3594   , 0.9152      , 0.1885
laghos    , -p1-dim2-rs3-tf3.2-pa                                     , 1    , 0.7582 , 1.0    ,       , 0.7511, 0.5174,           , 1.4694, 0.7963 , 0.9859    , 0.614     , 0.736    , 0.3629   , 0.9167      , 0.1968
laghos    , -p1-dim2-rs3-tf3.3                                        , 1    , 0.7507 , 1.0    ,       , 0.752 , 0.5182,           , 1.4731, 0.8021 , 0.9883    , 0.6157    , 0.7379   , 0.3659   , 0.9259      , 0.188
laghos    , -p1-dim2-rs3-tf3.3-pa                                     , 1    , 0.7505 , 1.0    ,       , 0.7483, 0.5195,           , 1.4761, 0.7932 , 0.986     , 0.6191    , 0.7296   , 0.3619   , 0.9414      , 0.1957
laghos    , -p1-dim2-rs3-tf3.4                                        , 1    , 0.7174 , 1.0    ,       , 0.7509, 0.5201,           , 1.4782, 0.8074 , 0.9992    , 0.6146    , 0.743    , 0.3679   , 0.9347      , 0.205
laghos    , -p1-dim2-rs3-tf3.4-pa                                     , 1    , 0.7383 , 1.0    ,       , 0.7401, 0.5133, 0.5016    , 1.4527, 0.7939 , 0.9706    , 0.6282    , 0.7347   , 0.3631   , 0.9199      , 0.1927
laghos    , -p1-dim2-rs3-tf3.5                                        , 1    , 0.745  , 1.0    ,       , 0.755 , 0.5223,           , 1.485 , 0.7941 , 0.9992    , 0.6314    , 0.7489   , 0.3696   , 0.943       , 0.1906
laghos    , -p1-dim2-rs3-tf3.5-pa                                     , 1    , 0.7499 , 1.0    ,       , 0.7522, 0.5205, 0.6026    , 1.4762, 0.8006 , 0.9955    , 0.6148    , 0.7423   , 0.3661   , 0.9333      , 0.1886
laghos    , -p1-dim2-rs3-tf3.6                                        , 1    , 0.7287 , 1.0    ,       , 0.7435, 0.5129,           , 1.4587, 0.795  , 0.9902    , 0.6262    , 0.7374   , 0.3641   , 0.9245      , 0.1913
laghos    , -p1-dim2-rs3-tf3.6-pa                                     , 1    , 0.7307 , 1.0    ,       , 0.7294, 0.5069,           , 1.4375, 0.7767 , 0.9674    , 0.6167    , 0.727    , 0.3554   , 0.9167      , 0.1855
laghos    , -p1-dim2-rs3-tf3.7                                        , 1    , 0.7474 , 1.0    ,       , 0.7473, 0.5134, 0.5932    , 1.4654, 0.7807 , 0.9844    , 0.6113    , 0.7394   , 0.3642   , 0.9368      , 0.1845
laghos    , -p1-dim2-rs3-tf3.7-pa                                     , 1    , 0.7565 , 1.0    ,       , 0.7474, 0.5185, 0.6034    , 1.4745, 0.7997 , 0.9904    , 0.6332    , 0.7439   , 0.3689   , 0.9445      , 0.1964
laghos    , -p1-dim2-rs3-tf3.8                                        , 1    , 0.7396 , 1.0    ,       , 0.7352, 0.5087,           , 1.4491, 0.7727 , 0.9742    , 0.6114    , 0.733    , 0.3591   , 0.9342      , 0.1893
laghos    , -p1-dim2-rs3-tf3.8-pa                                     , 1    , 0.7228 , 1.0    ,       , 0.7411, 0.5151, 0.5951    , 1.4624, 0.7905 , 0.9872    , 0.6092    , 0.7402   , 0.3602   , 0.937       , 0.1913
laghos    , -p1-dim2-rs3-tf3.9                                        , 1    , 0.7447 , 1.0    ,       , 0.74  , 0.5131,           , 1.456 , 0.795  , 0.9777    , 0.6076    , 0.7412   , 0.3627   , 0.9349      , 0.199
laghos    , -p1-dim2-rs3-tf3.9-pa                                     , 1    , 0.7403 , 1.0    ,       , 0.7408, 0.5137, 0.596     , 1.4598, 0.7874 , 0.9779    , 0.6295    , 0.7338   , 0.365    , 0.93        , 0.192
laghos    , -p1-dim2-rs3-tf4                                          , 1    , 0.7491 , 1.0    ,       , 0.747 , 0.5156, 0.5985    , 1.4669, 0.7919 , 0.9894    , 0.6235    , 0.7472   , 0.3613   , 0.9496      , 0.1919
laghos    , -p1-dim2-rs3-tf4-pa                                       , 1    , 0.7568 , 1.0    ,       , 0.7501, 0.5196, 0.6073    , 1.4822, 0.8049 , 0.9935    , 0.6353    , 0.7539   , 0.3694   , 0.9496      , 0.1982
laghos    , -p1-dim2-rs3-tf4.1                                        , 1    , 0.7404 , 1.0    ,       , 0.7442, 0.5136,           , 1.4655, 0.7869 , 0.9936    , 0.6249    , 0.7479   , 0.3651   , 0.9403      , 0.1909
laghos    , -p1-dim2-rs3-tf4.1-pa                                     , 1    , 0.7389 , 1.0    ,       , 0.7561, 0.5205, 0.6061    , 1.4842, 0.7989 , 0.9911    , 0.6394    , 0.7484   , 0.3655   , 0.963       , 0.202
laghos    , -p1-dim2-rs3-tf4.2                                        , 1    , 0.7295 , 1.0    ,       , 0.7485, 0.5171,           , 1.4724, 0.7984 , 1.0001    , 0.6351    , 0.7573   , 0.3664   , 0.9614      , 0.1949
laghos    , -p1-dim2-rs3-tf4.2-pa                                     , 1    , 0.7462 , 1.0    ,       , 0.7349, 0.5083,           , 1.4496, 0.7784 , 0.9782    , 0.6182    , 0.7426   , 0.361    , 0.948       , 0.1937
laghos    , -p1-dim2-rs3-tf4.3                                        , 1    , 0.7499 , 1.0    ,       , 0.7481, 0.5177,           , 1.473 , 0.8042 , 0.9997    , 0.6347    , 0.7622   , 0.3742   , 0.9735      , 0.1951
laghos    , -p1-dim2-rs3-tf4.3-pa                                     , 1    , 0.7435 , 1.0    ,       , 0.7397, 0.513 , 0.5981    , 1.4636, 0.7947 , 1.0029    , 0.6089    , 0.7563   , 0.3693   , 0.9603      , 0.1946
laghos    , -p1-dim2-rs3-tf4.4                                        , 1    , 0.7593 , 1.0    ,       , 0.7437, 0.5159, 0.5009    , 1.475 , 0.7924 , 0.9991    , 0.6343    , 0.763    , 0.3724   , 0.9734      , 0.2008
laghos    , -p1-dim2-rs3-tf4.4-pa                                     , 1    , 0.7435 , 1.0    ,       , 0.7393, 0.5138, 0.596     , 1.4665, 0.791  , 1.0045    , 0.6145    , 0.7607   , 0.3716   , 0.9645      , 0.1963
laghos    , -p1-dim2-rs3-tf4.5                                        , 1    , 0.7693 , 1.0    ,       , 0.7567, 0.5251, 0.6138    , 1.5046, 0.8128 , 1.0204    , 0.6274    , 0.7793   , 0.3855   , 0.9956      , 0.2006
laghos    , -p1-dim2-rs3-tf4.5-pa                                     , 1    , 0.7432 , 1.0    ,       , 0.7567, 0.5234, 0.6083    , 1.4904, 0.7914 , 1.0187    , 0.6247    , 0.7624   , 0.372    , 0.9875      , 0.1962
laghos    , -p1-dim2-rs3-tf4.6                                        , 1    , 0.7547 , 1.0    ,       , 0.7434, 0.517 , 0.5999    , 1.4757, 0.7953 , 1.0162    , 0.6162    , 0.7714   , 0.3755   , 0.9847      , 0.199
laghos    , -p1-dim2-rs3-tf4.6-pa                                     , 1    , 0.7539 , 1.0    ,       , 0.7526, 0.5209, 0.6041    , 1.4886, 0.8041 , 1.0108    , 0.6425    , 0.7737   , 0.3787   , 0.9885      , 0.1989
laghos    , -p1-dim2-rs3-tf4.7                                        , 1    , 0.745  , 1.0    ,       , 0.7492, 0.518 ,           , 1.48  , 0.7936 , 1.017     , 0.6237    , 0.7716   , 0.3776   , 0.9852      , 0.1987
laghos    , -p1-dim2-rs3-tf4.7-pa                                     , 1    , 0.7547 , 1.0    ,       , 0.7532, 0.5227, 0.5092    , 1.4876, 0.8116 , 1.0143    , 0.6407    , 0.7621   , 0.3767   , 0.9825      , 0.1969
laghos    , -p1-dim2-rs3-tf4.8                                        , 1    , 0.743  , 1.0    ,       , 0.7453, 0.515 ,           , 1.472 , 0.7938 , 1.0142    , 0.6141    , 0.7667   , 0.3767   , 0.9827      , 0.199
laghos    , -p1-dim2-rs3-tf4.8-pa                                     , 1    , 0.7393 , 1.0    ,       , 0.7332, 0.5076, 0.5918    , 1.448 , 0.7778 , 0.9947    , 0.6067    , 0.7583   , 0.3712   , 0.9661      , 0.1866
laghos    , -p1-dim2-rs3-tf4.9                                        , 1    , 0.7504 , 1.0    ,       , 0.7491, 0.5182, 0.6034    , 1.4822, 0.7913 , 1.0192    , 0.6201    , 0.7755   , 0.3739   , 0.9926      , 0.1965
laghos    , -p1-dim2-rs3-tf4.9-pa                                     , 1    , 0.7267 , 1.0    ,       , 0.745 , 0.5169,           , 1.4758, 0.8007 , 1.0066    , 0.6397    , 0.7742   , 0.3764   , 0.9854      , 0.1917
laghos    , -p1-dim2-rs3-tf5                                          , 1    , 0.7566 , 1.0    ,       , 0.7572, 0.525 , 0.611     , 1.5016, 0.8013 , 1.0234    , 0.6464    , 0.788    , 0.3822   , 1.0052      , 0.193
laghos    , -p1-dim2-rs3-tf5-pa                                       , 1    , 0.7726 , 1.0    ,       , 0.7616, 0.527 ,           , 1.503 , 0.8163 , 1.0317    , 0.6322    , 0.7802   , 0.382    , 1.0171      , 0.2022
laghos    , -p1-dim2-rs3-tf5.5                                        , 1    , 0.793  , 1.0    ,       , 0.7831, 0.5433,           , 1.551 , 0.844  , 1.0678    , 0.6552    , 0.8185   , 0.4019   , 1.0582      , 0.2105
laghos    , -p1-dim2-rs3-tf5.5-pa                                     , 1    , 0.7341 , 1.0    ,       , 0.744 , 0.5146, 0.5049    , 1.4649, 0.7814 , 1.0181    , 0.6313    , 0.7774   , 0.3767   , 0.9945      , 0.199
laghos    , -p1-dim3-rs1-tf3                                          , 1    , 0.7635 , 1.0    ,       , 0.7999, 0.5531,           , 1.3094, 0.8653 , 0.9866    , 0.8636    , 0.6897   , 0.4549   , 0.8507      , 0.2473
laghos    , -p1-dim3-rs1-tf3-pa                                       , 1    , 0.7742 , 1.0    ,       , 0.8106, 0.561 , 0.6783    , 1.3267, 0.8797 , 1.0065    , 0.8796    , 0.6955   , 0.4591   , 0.8452      , 0.2775
laghos    , -p1-dim3-rs1-tf3.5                                        , 1    , 0.7552 , 1.0    ,       , 0.8108, 0.5593, 0.7944    , 1.3237, 0.8771 , 1.0203    , 0.8967    , 0.7269   , 0.4702   , 0.8721      , 0.2744
laghos    , -p1-dim3-rs1-tf3.5-pa                                     , 1    , 0.7831 , 1.0    ,       , 0.8266, 0.5697, 0.8093    , 1.353 , 0.8923 , 1.0427    , 0.9056    , 0.7372   , 0.4761   , 0.8919      , 0.2716
laghos    , -p1-dim3-rs1-tf4                                          , 1    , 0.7854 , 1.0    ,       , 0.8209, 0.5664, 0.8051    , 1.3451, 0.8909 , 1.045     , 0.9106    , 0.7572   , 0.4878   , 0.9328      , 0.2632
laghos    , -p1-dim3-rs1-tf4-pa                                       , 1    , 0.7172 , 1.0    ,       , 0.8222, 0.5683, 0.8098    , 1.3425, 0.8869 , 1.0531    , 0.9349    , 0.7586   , 0.4913   , 0.931       , 0.2759
laghos    , -p1-dim3-rs1-tf4.5                                        , 1    , 0.7683 , 1.0    ,       , 0.8256, 0.5696, 0.6975    , 1.3588, 0.8982 , 1.0649    , 0.9137    , 0.774    , 0.49     , 0.9527      , 0.2724
laghos    , -p1-dim3-rs1-tf4.5-pa                                     , 1    , 0.7783 , 1.0    ,       , 0.833 , 0.5733, 0.816     , 1.3684, 0.9066 , 1.0757    , 0.9263    , 0.7763   , 0.4963   , 0.9586      , 0.2817
laghos    , -p1-dim3-rs1-tf5                                          , 1    , 0.7627 , 1.0    ,       , 0.8225, 0.5677, 0.8035    , 1.3577, 0.881  , 1.0714    , 0.9216    , 0.7798   , 0.4947   , 0.9673      , 0.2812
laghos    , -p1-dim3-rs1-tf5-pa                                       , 1    , 0.7748 , 1.0    ,       , 0.8262, 0.5702, 0.8069    , 1.3642, 0.8987 , 1.0738    , 0.9213    , 0.7814   , 0.4963   , 0.9686      , 0.2669
laghos    , -p1-dim3-rs1-tf5.5                                        , 1    , 0.7773 , 1.0    ,       , 0.8231, 0.5682, 0.8072    , 1.3565, 0.8972 , 1.0719    , 0.925     , 0.7908   , 0.4964   , 0.9729      , 0.2789
laghos    , -p1-dim3-rs1-tf5.5-pa                                     , 1    , 0.7842 , 1.0    ,       , 0.8284, 0.5707, 0.81      , 1.3668, 0.8945 , 1.0836    , 0.9331    , 0.7918   , 0.5026   , 0.9783      , 0.2703
laghos    , -p1-dim3-rs2-tf3                                          , 1    , 0.7448 , 1.0    ,       , 0.8614, 0.5969, 4.7359    , 1.4149, 0.9078 , 1.1905    , 5.8935    , 0.8487   , 3.4452   , 1.052       , 2.0033
laghos    , -p1-dim3-rs2-tf3-pa                                       , 1    , 0.7494 , 1.0    ,       , 0.8702, 0.602 , 4.7775    , 1.4253, 0.9155 , 1.2012    , 5.984     , 0.8512   , 3.5154   , 1.0638      , 1.9299
laghos    , -p1-dim3-rs2-tf3.5                                        , 1    , 0.7525 , 1.0    ,       , 0.8641, 0.6005,           , 1.4246, 0.9022 , 1.1995    , 5.9139    , 0.8534   , 3.5317   , 1.0614      , 1.9672
laghos    , -p1-dim3-rs2-tf3.5-pa                                     , 1    , 0.7567 , 1.0    ,       , 0.8652, 0.5994, 4.7336    , 1.4243, 0.9146 , 1.1984    , 5.9395    , 0.8497   , 3.5404   , 1.0615      , 1.9648
laghos    , -p1-dim3-rs2-tf4                                          , 1    , 0.7393 , 1.0    ,       , 0.8652, 0.6016, 4.7478    , 1.4307, 0.9144 , 1.2034    , 5.952     , 0.8569   , 3.5228   , 1.0643      , 1.9543
laghos    , -p1-dim3-rs2-tf4-pa                                       , 1    , 0.7564 , 1.0    ,       , 0.8707, 0.6031,           , 1.4343, 0.9088 , 1.2078    , 5.9522    , 0.8603   , 3.4878   , 1.0671      , 1.9963
laghos    , -p1-dim3-rs2-tf4.5                                        , 1    , 0.7546 , 1.0    ,       , 0.8661, 0.6014, 4.7245    , 1.4291, 0.9162 , 1.2038    , 5.952     , 0.8582   , 3.4986   , 1.0602      , 1.9893
laghos    , -p1-dim3-rs2-tf4.5-pa                                     , 1    , 0.7521 , 1.0    ,       , 0.868 , 0.6026, 4.7496    , 1.4346, 0.917  , 1.2061    , 6.1053    , 0.8595   , 3.5679   , 1.0658      , 1.9969
laghos    , -p1-dim3-rs2-tf5                                          , 1    , 0.7541 , 1.0    ,       , 0.8703, 0.6048,           , 1.4391, 0.9091 , 1.2108    , 6.127     , 0.8638   , 3.5909   , 1.0591      , 1.9169
laghos    , -p1-dim3-rs2-tf5-pa                                       , 1    , 0.756  , 1.0    ,       , 0.8703, 0.6036, 4.7328    , 1.4331, 0.9209 , 1.2096    , 5.9631    , 0.8579   , 3.5777   , 1.0707      , 1.9588
laghos    , -p1-dim3-rs2-tf5.5                                        , 1    , 0.7635 , 1.0    ,       , 0.8679, 0.6014,           , 1.4311, 0.9155 , 1.206     , 5.9425    , 0.8609   , 3.5631   , 1.0656      , 2.0104
laghos    , -p1-dim3-rs2-tf5.5-pa                                     , 1    , 0.7623 , 1.0    ,       , 0.867 , 0.6007,           , 1.4292, 0.9048 , 1.2041    , 5.9876    , 0.8588   , 3.5441   , 1.0709      , 2.0125
laghos    , -p2-dim2-rs2-tf3                                          , 1    , 0.7709 , 1.0    ,       , 0.6835, 0.4604, 0.1863    , 1.2616, 0.7121 , 0.66      , 0.2031    , 0.4204   , 0.1055   , 0.5188      , 
laghos    , -p2-dim2-rs2-tf3-pa                                       , 1    , 0.7586 , 1.0    ,       , 0.6692, 0.4514, 0.1833    , 1.2423, 0.7008 , 0.6499    , 0.1928    , 0.4092   , 0.1035   , 0.4745      , 
laghos    , -p2-dim2-rs2-tf3.5                                        , 1    , 0.81   , 1.0    ,       , 0.7482, 0.5001, 0.2044    , 1.3741, 0.7787 , 0.7558    , 0.2226    , 0.4905   , 0.1159   , 0.5779      , 
laghos    , -p2-dim2-rs2-tf3.5-pa                                     , 1    , 0.829  , 1.0    ,       , 0.7355, 0.495 , 0.2015    , 1.3552, 0.7677 , 0.7457    , 0.2136    , 0.484    , 0.1148   , 0.597       , 
laghos    , -p2-dim2-rs2-tf4                                          , 1    , 0.7623 , 1.0    ,       , 0.7095, 0.4786, 0.1945    , 1.3206, 0.7446 , 0.7293    , 0.2139    , 0.4817   , 0.1126   , 0.5892      , 
laghos    , -p2-dim2-rs2-tf4-pa                                       , 1    , 0.7743 , 1.0    ,       , 0.7002, 0.4639, 0.1906    , 1.2914, 0.7279 , 0.7159    , 0.2027    , 0.4709   , 0.1096   , 0.5444      , 
laghos    , -p2-dim2-rs2-tf4.5                                        , 1    , 0.7638 , 1.0    ,       , 0.6921, 0.459 , 0.1866    , 1.2658, 0.7161 , 0.7199    , 0.2078    , 0.4807   , 0.1083   , 0.5689      , 
laghos    , -p2-dim2-rs2-tf4.5-pa                                     , 1    , 0.698  , 1.0    ,       , 0.7102, 0.4771, 0.1952    , 1.3199, 0.7344 , 0.7513    , 0.2078    , 0.5017   , 0.1123   , 0.5932      , 
laghos    , -p2-dim2-rs2-tf5                                          , 1    , 0.7344 , 1.0    ,       , 0.7182, 0.482 ,           , 1.3382, 0.7488 , 0.7804    , 0.2111    , 0.5309   , 0.1147   , 0.656       , 
laghos    , -p2-dim2-rs2-tf5-pa                                       , 1    , 0.7903 , 1.0    ,       , 0.7027, 0.476 , 0.1937    , 1.3229, 0.7454 , 0.7674    , 0.2106    , 0.523    , 0.1143   , 0.6381      , 
laghos    , -p2-dim2-rs2-tf5.5                                        , 1    , 0.7634 , 1.0    ,       , 0.6829, 0.4588, 0.1869    , 1.2719, 0.7171 , 0.7525    , 0.2086    , 0.5198   , 0.1107   , 0.6277      , 
laghos    , -p2-dim2-rs2-tf5.5-pa                                     , 1    , 0.7408 , 1.0    ,       , 0.6775, 0.4569, 0.1858    , 1.2676, 0.7167 , 0.7437    , 0.2013    , 0.5205   , 0.109    , 0.6075      , 
laghos    , -p2-dim3-rs1-tf3                                          , 1    , 0.7764 , 1.0    ,       , 0.8365, 0.575 , 0.9232    , 1.337 , 0.8906 , 1.0279    , 1.0065    , 0.6901   , 0.5243   , 0.8306      , 0.2996
laghos    , -p2-dim3-rs1-tf3-pa                                       , 1    , 0.7896 , 1.0    ,       , 0.8457, 0.5795, 0.9268    , 1.3451, 0.901  , 1.0321    , 1.0163    , 0.6931   , 0.528    , 0.8453      , 0.2967
laghos    , -p2-dim3-rs1-tf3.5                                        , 1    , 0.7802 , 1.0    ,       , 0.8442, 0.5777, 0.9294    , 1.3382, 0.898  , 1.0347    , 1.0484    , 0.7108   , 0.5403   , 0.853       , 0.2968
laghos    , -p2-dim3-rs1-tf3.5-pa                                     , 1    , 0.7819 , 1.0    ,       , 0.8487, 0.5806, 0.9348    , 1.3501, 0.8976 , 1.0433    , 1.0321    , 0.7145   , 0.5378   , 0.8611      , 0.3072
laghos    , -p2-dim3-rs1-tf4                                          , 1    , 0.7637 , 1.0    ,       , 0.8471, 0.5786,           , 1.3482, 0.8912 , 1.053     , 1.0312    , 0.7226   , 0.5471   , 0.8715      , 0.3095
laghos    , -p2-dim3-rs1-tf4-pa                                       , 1    , 0.7591 , 1.0    ,       , 0.8331, 0.5716,           , 1.3304, 0.8906 , 1.0315    , 1.0447    , 0.7112   , 0.5349   , 0.8617      , 0.2966
laghos    , -p2-dim3-rs1-tf4.5                                        , 1    , 0.7597 , 1.0    ,       , 0.8477, 0.5793, 0.9289    , 1.3473, 0.9004 , 1.058     , 1.0382    , 0.7274   , 0.5501   , 0.8768      , 0.3044
laghos    , -p2-dim3-rs1-tf4.5-pa                                     , 1    , 0.7658 , 1.0    ,       , 0.8447, 0.5776, 0.931     , 1.3453, 0.8942 , 1.0508    , 1.0539    , 0.7275   , 0.5498   , 0.8892      , 0.3092
laghos    , -p2-dim3-rs1-tf5                                          , 1    , 0.7741 , 1.0    ,       , 0.8404, 0.5744, 0.7861    , 1.343 , 0.8951 , 1.0578    , 1.0664    , 0.7387   , 0.5484   , 0.8893      , 0.2933
laghos    , -p2-dim3-rs1-tf5-pa                                       , 1    , 0.7583 , 1.0    ,       , 0.8451, 0.5764, 0.9218    , 1.3406, 0.9003 , 1.0589    , 1.0444    , 0.7415   , 0.5607   , 0.8851      , 0.2978
laghos    , -p2-dim3-rs1-tf5.5                                        , 1    , 0.7833 , 1.0    ,       , 0.8477, 0.5784, 0.7923    , 1.3444, 0.899  , 1.0756    , 1.0833    , 0.7552   , 0.5575   , 0.9111      , 0.3092
laghos    , -p2-dim3-rs1-tf5.5-pa                                     , 1    , 0.7763 , 1.0    ,       , 0.848 , 0.5778, 0.788     , 1.3489, 0.9    , 1.0728    , 1.0508    , 0.7522   , 0.5574   , 0.9104      , 0.2982
laghos    , -p2-dim3-rs2-tf3                                          , 1    , 0.7718 , 1.0    ,       , 0.9017, 0.6169, 5.3497    , 1.439 , 0.9325 , 1.2342    , 6.6315    , 0.865    , 3.8627   , 1.0656      , 2.2463
laghos    , -p2-dim3-rs2-tf3-pa                                       , 1    , 0.7685 , 1.0    ,       , 0.8991, 0.6153, 4.8685    , 1.4332, 0.9331 , 1.2311    , 6.681     , 0.8594   , 3.9085   , 1.0604      , 2.0888
laghos    , -p3-dim2-rs1-tf3                                          , 1    , 0.6957 , 1.0    ,       , 0.3172, 0.2192,           , 0.328 , 0.2228 ,           ,           ,          ,          ,             , 
laghos    , -p3-dim2-rs1-tf3-pa                                       , 1    , 0.7015 , 1.0    ,       , 0.3226, 0.2207,           , 0.3346, 0.2241 ,           ,           ,          ,          ,             , 
laghos    , -p3-dim2-rs1-tf3.5                                        , 1    , 0.7584 , 1.0    ,       , 0.3422, 0.2338,           , 0.3677, 0.2418 ,           ,           ,          ,          ,             , 
laghos    , -p3-dim2-rs1-tf3.5-pa                                     , 1    , 0.6802 , 1.0    ,       , 0.3274, 0.2267,           , 0.3465, 0.2361 ,           ,           ,          ,          ,             , 
laghos    , -p3-dim2-rs1-tf4                                          , 1    , 0.7341 , 1.0    ,       , 0.3479, 0.2382,           , 0.3885, 0.2533 ,           ,           ,          ,          ,             , 
laghos    , -p3-dim2-rs1-tf4-pa                                       , 1    , 0.7649 , 1.0    ,       , 0.3606, 0.2462,           , 0.4018, 0.2613 ,           ,           ,          ,          ,             , 
laghos    , -p3-dim2-rs1-tf4.5                                        , 1    , 0.7433 , 1.0    ,       , 0.382 , 0.256 ,           , 0.4307, 0.2809 ,           ,           ,          ,          ,             , 
laghos    , -p3-dim2-rs1-tf4.5-pa                                     , 1    , 0.7846 , 1.0    ,       , 0.3826, 0.2613,           , 0.4254, 0.2811 ,           ,           ,          ,          ,             , 
laghos    , -p3-dim2-rs1-tf5                                          , 1    , 0.7329 , 1.0    ,       , 0.3973, 0.2698,           , 0.4659, 0.2976 ,           ,           ,          ,          ,             , 
laghos    , -p3-dim2-rs1-tf5-pa                                       , 1    , 0.7533 , 1.0    ,       , 0.3926, 0.266 ,           , 0.4558, 0.298  ,           ,           ,          ,          ,             , 
laghos    , -p3-dim2-rs1-tf5.5                                        , 1    , 0.765  , 1.0    ,       , 0.4084, 0.2735,           , 0.4853, 0.3051 ,           ,           ,          ,          ,             , 
laghos    , -p3-dim2-rs1-tf5.5-pa                                     , 1    , 0.7699 , 1.0    ,       , 0.4041, 0.2712,           , 0.4858, 0.3128 ,           ,           ,          ,          ,             , 
laghos    , -p3-dim2-rs2-tf3                                          , 1    , 0.7347 , 1.0    ,       , 0.5934, 0.4019, 0.1475    , 0.8849, 0.523  , 0.2058    , 0.1195    ,          ,          ,             , 
laghos    , -p3-dim2-rs2-tf3-pa                                       , 1    , 0.7478 , 1.0    ,       , 0.5654, 0.3844, 0.1425    , 0.8486, 0.5047 , 0.1971    , 0.1132    ,          ,          ,             , 
laghos    , -p3-dim2-rs2-tf3.5                                        , 1    , 0.7697 , 1.0    ,       , 0.5981, 0.4046, 0.1469    , 0.9198, 0.5497 , 0.2356    , 0.1229    , 0.1015   ,          , 0.1254      , 
laghos    , -p3-dim2-rs2-tf3.5-pa                                     , 1    , 0.7623 , 1.0    ,       , 0.5934, 0.4016, 0.1488    , 0.9113, 0.5464 , 0.2266    , 0.1227    , 0.1031   ,          , 0.1116      , 
laghos    , -p3-dim2-rs2-tf4                                          , 1    , 0.7657 , 1.0    ,       , 0.6023, 0.4091, 0.1541    , 0.9497, 0.565  , 0.2544    , 0.1316    , 0.1156   ,          , 0.1345      , 
laghos    , -p3-dim2-rs2-tf4-pa                                       , 1    , 0.7308 , 1.0    ,       , 0.576 , 0.3912, 0.1473    , 0.9109, 0.5376 , 0.2366    , 0.1234    , 0.1107   ,          , 0.1256      , 
laghos    , -p3-dim2-rs2-tf4.5                                        , 1    , 0.7442 , 1.0    ,       , 0.5917, 0.3975, 0.1475    , 0.9496, 0.5598 , 0.2657    , 0.1298    , 0.1233   ,          , 0.1301      , 
laghos    , -p3-dim2-rs2-tf4.5-pa                                     , 1    , 1.188  , 1.0    ,       , 0.9477, 0.6387, 0.2428    , 1.5059, 0.8892 , 0.4225    , 0.2074    , 0.1934   ,          , 0.2116      , 
laghos    , -p3-dim2-rs2-tf5                                          , 1    , 0.7553 , 1.0    ,       , 0.6123, 0.4139, 0.133     , 0.9954, 0.5852 , 0.2948    , 0.1372    , 0.1372   ,          , 0.1542      , 
laghos    , -p3-dim2-rs2-tf5-pa                                       , 1    , 0.7691 , 1.0    ,       , 0.6261, 0.4238, 0.1529    , 1.0154, 0.5977 , 0.2975    , 0.1432    , 0.1405   ,          , 0.1595      , 
laghos    , -p3-dim2-rs2-tf5.5                                        , 1    , 0.7119 , 1.0    ,       , 0.6182, 0.4173, 0.1571    , 1.017 , 0.5954 , 0.3096    , 0.1416    , 0.1491   ,          , 0.1597      , 
laghos    , -p3-dim2-rs2-tf5.5-pa                                     , 1    , 0.7892 , 1.0    ,       , 0.6429, 0.4368, 0.1661    , 1.0586, 0.6227 , 0.322     , 0.1507    , 0.1551   ,          , 0.1791      , 
laghos    , -p3-dim3-rs1-tf3                                          , 1    , 0.7706 , 1.0    ,       , 0.7663, 0.5309, 0.5894    , 1.1779, 0.7868 , 0.5539    , 0.4864    , 0.2722   , 0.2204   , 0.3374      , 0.1566
laghos    , -p3-dim3-rs1-tf3-pa                                       , 1    , 0.7722 , 1.0    ,       , 0.7648, 0.5212, 0.5851    , 1.1941, 0.7862 , 0.554     , 0.4991    , 0.28     , 0.2155   , 0.3329      , 0.1528
laghos    , -p3-dim3-rs1-tf3.5                                        , 1    , 0.6922 , 1.0    ,       , 0.7566, 0.5267, 0.5988    , 1.2008, 0.7851 , 0.5809    , 0.5149    , 0.3036   , 0.2329   , 0.3479      , 0.1711
laghos    , -p3-dim3-rs1-tf3.5-pa                                     , 1    , 0.7653 , 1.0    ,       , 0.763 , 0.5286, 0.6065    , 1.2126, 0.7888 , 0.5839    , 0.5181    , 0.3072   , 0.2326   , 0.3372      , 0.1712
laghos    , -p3-dim3-rs1-tf4                                          , 1    , 0.7652 , 1.0    ,       , 0.7667, 0.5295, 0.6232    , 1.2136, 0.7951 , 0.6218    , 0.546     , 0.3323   , 0.2437   , 0.386       , 0.17
laghos    , -p3-dim3-rs1-tf4-pa                                       , 1    , 0.7653 , 1.0    ,       , 0.7685, 0.5323, 0.6282    , 1.224 , 0.8013 , 0.6227    , 0.5518    , 0.3293   , 0.2503   , 0.3787      , 0.1734
laghos    , -p3-dim3-rs1-tf4.5                                        , 1    , 0.8145 , 1.0    ,       , 0.8202, 0.5682, 0.6703    , 1.3005, 0.853  , 0.6907    , 0.6026    , 0.3798   , 0.276    , 0.4234      , 0.1901
laghos    , -p3-dim3-rs1-tf4.5-pa                                     , 1    , 0.7676 , 1.0    ,       , 0.7743, 0.5345, 0.6268    , 1.222 , 0.8157 , 0.6571    , 0.5779    , 0.357    , 0.2665   , 0.4007      , 0.1797
laghos    , -p3-dim3-rs1-tf5                                          , 1    , 0.7441 , 1.0    ,       , 0.7802, 0.5398, 0.644     , 1.2426, 0.8167 , 0.6838    , 0.5894    , 0.3814   , 0.2783   , 0.4225      , 0.1952
laghos    , -p3-dim3-rs1-tf5-pa                                       , 1    , 0.8054 , 1.0    ,       , 0.8141, 0.5627, 0.6704    , 1.2967, 0.8609 , 0.7201    , 0.6236    , 0.3969   , 0.2928   , 0.4555      , 0.1926
laghos    , -p3-dim3-rs1-tf5.5                                        , 1    , 0.7245 , 1.0    ,       , 0.8057, 0.5562, 0.6718    , 1.2891, 0.8533 , 0.733     , 0.6268    , 0.4129   , 0.2988   , 0.481       , 0.1966
laghos    , -p3-dim3-rs1-tf5.5-pa                                     , 1    , 0.7136 , 1.0    ,       , 0.7776, 0.5388, 0.6559    , 1.2465, 0.8275 , 0.711     , 0.603     , 0.4      , 0.2829   , 0.4557      , 0.1949
laghos    , -p3-dim3-rs2-tf3                                          , 1    , 0.7457 , 1.0    ,       , 0.8583, 0.5946, 3.8869    , 1.4357, 0.8905 , 1.1247    , 4.2434    , 0.7626   , 2.2081   , 0.9354      , 1.4498
laghos    , -p3-dim3-rs2-tf3-pa                                       , 1    , 0.7657 , 1.0    ,       , 0.8645, 0.5977,           , 1.4454, 0.8995 , 1.1335    , 4.2424    , 0.7642   , 2.2127   , 0.9487      , 1.4116
laghos    , -p3-dim3-rs2-tf3.5                                        , 1    , 0.7605 , 1.0    ,       , 0.8598, 0.5952, 4.0513    , 1.4408, 0.8982 , 1.1384    , 4.4457    , 0.7735   , 2.2941   , 0.9612      , 1.4784
laghos    , -p3-dim3-rs2-tf3.5-pa                                     , 1    , 0.7692 , 1.0    ,       , 0.8721, 0.6028, 4.1032    , 1.4602, 0.9053 , 1.1554    , 4.5319    , 0.7851   , 2.337    , 0.9613      , 1.4872
laghos    , -p3-dim3-rs2-tf4                                          , 1    , 0.7517 , 1.0    ,       , 0.8624, 0.5975, 3.6965    , 1.4453, 0.9021 , 1.1512    , 4.5018    , 0.7845   , 2.3978   , 0.9653      , 1.5128
laghos    , -p3-dim3-rs2-tf4-pa                                       , 1    , 0.757  , 1.0    ,       , 0.8695, 0.6017, 4.0526    , 1.4584, 0.9108 , 1.1587    , 4.5007    , 0.7909   , 2.4249   , 0.9753      , 1.5087
laghos    , -p3-dim3-rs2-tf4.5                                        , 1    , 0.7324 , 1.0    ,       , 0.8569, 0.5938, 4.0855    , 1.437 , 0.8908 , 1.1483    , 4.6752    , 0.7887   , 2.4679   , 0.9759      , 1.5277
laghos    , -p3-dim3-rs2-tf4.5-pa                                     , 1    , 0.757  , 1.0    ,       , 0.8628, 0.5973, 4.1204    , 1.451 , 0.9051 , 1.1557    , 4.6722    , 0.7935   , 2.4896   , 0.9857      , 1.5167
laghos    , -p3-dim3-rs2-tf5                                          , 1    , 0.7546 , 1.0    ,       , 0.864 , 0.5989, 4.1585    , 1.4494, 0.9058 , 1.1623    , 4.6873    , 0.8032   , 2.5301   , 0.9901      , 1.5466
laghos    , -p3-dim3-rs2-tf5-pa                                       , 1    , 0.7549 , 1.0    ,       , 0.847 , 0.5861, 4.0826    , 1.4253, 0.8834 , 1.1388    , 4.562     , 0.785    , 2.488    , 0.9702      , 1.4734
laghos    , -p3-dim3-rs2-tf5.5                                        , 1    , 0.7581 , 1.0    ,       , 0.8693, 0.6016, 4.1991    , 1.4559, 0.9068 , 1.1694    , 4.7717    , 0.8094   , 2.6117   , 1.0008      , 1.5678
laghos    , -p3-dim3-rs2-tf5.5-pa                                     , 1    , 0.7624 , 1.0    ,       , 0.8681, 0.6005, 4.1999    , 1.4541, 0.9039 , 1.1712    , 4.754     , 0.8069   , 2.6065   , 0.9951      , 1.6001
minife.x  , -nx50-ny50-nz50                                           , 1    , 0.9405 , 1.0    , 1.1986, 0.4501, 0.3247, 0.6048    , 0.5123,        , 0.5897    ,           , 0.5491   ,          , 0.5961      , 
minife.x  , -nx50-ny50-nz50                                           , 32   , 1.0227 , 1.0    ,       , 0.3409, 0.328 ,           , 0.3352,        ,           ,           ,          ,          ,             , 
minife.x  , -nx75-ny50-nz50                                           , 1    , 0.8753 , 1.0    , 1.1546, 0.4377, 0.3171, 0.5684    , 0.5075,        , 0.5854    ,           , 0.5612   ,          , 0.5997      , 
minife.x  , -nx75-ny50-nz50                                           , 32   , 1.0648 , 1.0    ,       , 0.3543, 0.33  ,           , 0.3295,        ,           ,           ,          ,          ,             , 
minivite  , -l-p1-n128                                                , 1    , 0.4099 , 1.0    ,       ,       ,       ,           ,       ,        ,           ,           ,          ,          ,             , 
minivite  , -l-p1-n16384                                              , 32   , 0.9176 , 1.0    ,       , 0.3529,       ,           , 0.3249, 0.2717 , 0.3142    ,           , 0.4029   ,          , 0.2489      , 
minivite  , -l-p1-n256                                                , 1    , 6.5021 , 1.0    ,       , 0.3319, 0.2253,           , 0.2382, 0.1683 , 0.2991    ,           , 0.3341   ,          , 0.3198      , 
minivite  , -l-p1-n32                                                 , 1    , 0.9215 , 1.0    ,       ,       ,       ,           ,       ,        ,           ,           ,          ,          ,             , 
minivite  , -l-p1-n4096                                               , 32   , 1.1726 , 1.0    ,       , 0.4505,       ,           , 0.4482, 0.3687 , 0.4109    ,           , 0.5167   ,          , 0.3243      , 
minivite  , -l-p1-n512                                                , 1    , 1.1678 , 1.0    ,       , 0.3844, 0.2628,           , 0.2654, 0.1988 , 0.3861    ,           , 0.384    ,          , 0.3761      , 
minivite  , -l-p1-n64                                                 , 1    , 0.2388 , 1.0    ,       ,       ,       ,           ,       ,        ,           ,           ,          ,          ,             , 
minivite  , -l-p1-n8192                                               , 32   , 0.8412 , 1.0    ,       , 0.3145,       ,           , 0.2949, 0.2472 , 0.2886    ,           , 0.2739   ,          , 0.2199      , 
minivite  , -l-p2-n128                                                , 1    , 1.4224 , 1.0    ,       , 0.1815, 0.1264,           , 0.1289,        , 0.1711    ,           , 0.1807   ,          , 0.1806      , 
minivite  , -l-p2-n16384                                              , 32   , 1.0768 , 1.0    ,       , 0.4068,       ,           , 0.3683, 0.318  , 0.3793    ,           , 0.4707   ,          , 0.294       , 
minivite  , -l-p2-n256                                                , 1    , 0.5362 , 1.0    ,       ,       ,       ,           ,       ,        ,           ,           ,          ,          ,             , 
minivite  , -l-p2-n32                                                 , 1    , 1.0895 , 1.0    ,       , 0.1685, 0.1226,           , 0.1204,        , 0.1557    ,           , 0.1689   ,          , 0.169       , 
minivite  , -l-p2-n4096                                               , 32   , 0.9536 , 1.0    ,       , 0.3263,       ,           , 0.3033, 0.2609 , 0.2966    ,           , 0.3725   ,          , 0.2383      , 
minivite  , -l-p2-n512                                                , 1    , 1.0223 , 1.0    ,       , 0.2176, 0.1584,           , 0.1565, 0.1122 , 0.2127    ,           , 0.2177   ,          , 0.2164      , 
minivite  , -l-p2-n64                                                 , 1    , 1.4945 , 1.0    ,       , 0.1869, 0.1205,           , 0.1338,        , 0.1718    ,           , 0.1877   ,          , 0.1927      , 
minivite  , -l-p2-n8192                                               , 32   , 1.0688 , 1.0    ,       , 0.3856,       ,           , 0.3558, 0.2941 , 0.3415    ,           , 0.4242   ,          , 0.2641      , 
minivite  , -l-p3-n128                                                , 1    , 5.1639 , 1.0    ,       , 0.1311,       ,           ,       ,        , 0.1253    ,           , 0.1297   ,          , 0.1295      , 
minivite  , -l-p3-n16384                                              , 32   , 1.1108 , 1.0    ,       , 0.4218,       ,           , 0.3755, 0.3345 , 0.3918    ,           , 0.4878   ,          , 0.3099      , 
minivite  , -l-p3-n256                                                , 1    , 0.2269 , 1.0    ,       ,       ,       ,           ,       ,        ,           ,           ,          ,          ,             , 
minivite  , -l-p3-n32                                                 , 1    , 0.5931 , 1.0    ,       ,       ,       ,           ,       ,        ,           ,           ,          ,          ,             , 
minivite  , -l-p3-n4096                                               , 32   , 1.2007 , 1.0    ,       , 0.4242,       ,           , 0.3675, 0.343  , 0.39      ,           , 0.4893   ,          , 0.3065      , 
minivite  , -l-p3-n512                                                , 1    , 1.7329 , 1.0    ,       , 0.3869, 0.2486,           , 0.2647, 0.1999 , 0.3577    ,           , 0.3818   ,          , 0.3857      , 
minivite  , -l-p3-n64                                                 , 1    , 0.8727 , 1.0    ,       , 0.1066,       ,           ,       ,        , 0.1001    ,           , 0.1074   ,          , 0.1082      , 
minivite  , -l-p3-n8192                                               , 32   , 1.2006 , 1.0    ,       , 0.4444,       ,           , 0.4016, 0.3597 , 0.4053    ,           , 0.5102   ,          , 0.3217      , 
minivite  , -l-p4-n128                                                , 1    , 2.0733 , 1.0    ,       , 0.3175, 0.1868,           , 0.2246, 0.1643 , 0.2909    ,           , 0.3141   ,          , 0.3037      , 
minivite  , -l-p4-n16384                                              , 32   , 0.9868 , 1.0    ,       , 0.3625,       ,           , 0.3262, 0.2658 , 0.3406    ,           , 0.4265   ,          , 0.2351      , 
minivite  , -l-p4-n256                                                , 1    , 4.5472 , 1.0    ,       , 0.2432, 0.1776,           , 0.1736, 0.1261 , 0.2335    ,           , 0.2433   ,          , 0.2465      , 
minivite  , -l-p4-n32                                                 , 1    , 4.2182 , 1.0    ,       , 0.2244, 0.1627,           , 0.1587, 0.116  , 0.2023    ,           , 0.2239   ,          , 0.2232      , 
minivite  , -l-p4-n4096                                               , 32   , 1.0376 , 1.0    ,       , 0.4134,       ,           , 0.3527, 0.3206 , 0.3632    ,           , 0.4498   ,          , 0.2793      , 
minivite  , -l-p4-n512                                                , 1    , 1.639  , 1.0    ,       , 0.34  , 0.2476,           , 0.2389, 0.1758 , 0.3126    ,           , 0.3372   ,          , 0.3387      , 
minivite  , -l-p4-n64                                                 , 1    , 11.2046, 1.0    ,       , 0.2869, 0.1002,           , 0.2031, 0.1477 , 0.261     ,           , 0.2839   ,          , 0.2865      , 
minivite  , -l-p4-n8192                                               , 32   , 0.9861 , 1.0    ,       , 0.3552,       ,           , 0.3218, 0.2793 , 0.3353    ,           , 0.4131   ,          , 0.272       , 
minivite  , -l-p5-n128                                                , 1    , 0.3144 , 1.0    ,       ,       ,       ,           ,       ,        ,           ,           ,          ,          ,             , 
minivite  , -l-p5-n16384                                              , 32   , 0.972  , 1.0    ,       , 0.3603,       ,           , 0.3182, 0.2865 , 0.334     ,           , 0.4117   ,          , 0.2529      , 
minivite  , -l-p5-n256                                                , 1    , 0.93   , 1.0    ,       , 0.1835, 0.1338,           , 0.1307,        , 0.1684    ,           , 0.1827   ,          , 0.1836      , 
minivite  , -l-p5-n32                                                 , 1    , 1.2216 , 1.0    ,       , 0.119 ,       ,           ,       ,        , 0.1077    ,           , 0.1178   ,          , 0.1197      , 
minivite  , -l-p5-n4096                                               , 32   , 1.0666 , 1.0    ,       , 0.391 ,       ,           , 0.3886, 0.323  , 0.3738    ,           , 0.4618   ,          , 0.2551      , 
minivite  , -l-p5-n512                                                , 1    , 1.8026 , 1.0    ,       , 0.3995, 0.2906,           , 0.2824, 0.2082 , 0.3743    ,           , 0.397    ,          , 0.3621      , 
minivite  , -l-p5-n64                                                 , 1    , 2.8326 , 1.0    ,       , 0.2799, 0.2022,           , 0.1911, 0.1444 , 0.2594    ,           , 0.2771   ,          , 0.2625      , 
minivite  , -l-p5-n8192                                               , 32   , 1.2524 , 1.0    ,       , 0.4409,       ,           , 0.4148, 0.3152 , 0.4091    ,           , 0.5103   ,          , 0.319       , 
minivite  , -l-p6-n128                                                , 1    , 0.6477 , 1.0    ,       , 0.1992, 0.1438,           , 0.141 , 0.1025 , 0.193     ,           , 0.1988   ,          , 0.1818      , 
minivite  , -l-p6-n16384                                              , 32   , 0.8798 , 1.0    ,       , 0.3312,       ,           , 0.2948, 0.2698 , 0.3078    ,           , 0.3768   ,          , 0.2285      , 
minivite  , -l-p6-n256                                                , 1    , 0.4881 , 1.0    ,       , 0.1491, 0.107 ,           , 0.1057,        , 0.1407    ,           , 0.1476   ,          , 0.1477      , 
minivite  , -l-p6-n32                                                 , 1    , 1.5349 , 1.0    ,       , 0.1566, 0.1126,           , 0.1105,        , 0.1438    ,           , 0.1549   ,          , 0.1514      , 
minivite  , -l-p6-n4096                                               , 32   , 0.9036 , 1.0    ,       , 0.3125,       ,           , 0.3082, 0.2771 , 0.3177    ,           , 0.3994   ,          , 0.2495      , 
minivite  , -l-p6-n512                                                , 1    , 1.0471 , 1.0    ,       , 0.2429, 0.1768,           , 0.1756, 0.1269 , 0.2354    ,           , 0.2449   ,          , 0.2279      , 
minivite  , -l-p6-n64                                                 , 1    , 1.3056 , 1.0    ,       , 0.1098,       ,           ,       ,        , 0.1013    ,           , 0.1093   ,          , 0.1068      , 
minivite  , -l-p6-n8192                                               , 32   , 1.052  , 1.0    ,       , 0.3883,       ,           , 0.3567, 0.2964 , 0.3437    ,           , 0.3267   ,          , 0.2609      , 
minivite  , -l-p7-n128                                                , 1    , 3.4916 , 1.0    ,       , 0.2512, 0.183 ,           , 0.1808, 0.1269 , 0.2425    ,           , 0.2527   ,          , 0.2558      , 
minivite  , -l-p7-n16384                                              , 32   , 1.0029 , 1.0    ,       , 0.3746,       ,           , 0.3611, 0.2823 , 0.3571    ,           , 0.4333   ,          , 0.2606      , 
minivite  , -l-p7-n256                                                , 1    , 0.476  , 1.0    ,       , 0.1369,       ,           ,       ,        , 0.1312    ,           , 0.1358   ,          , 0.1375      , 
minivite  , -l-p7-n32                                                 , 1    , 1.9927 , 1.0    ,       ,       ,       ,           ,       ,        ,           ,           , 0.1001   ,          , 0.1005      , 
minivite  , -l-p7-n4096                                               , 32   , 1.1996 , 1.0    ,       , 0.4181,       ,           , 0.3713, 0.3414 , 0.3877    ,           , 0.4889   ,          , 0.3065      , 
minivite  , -l-p7-n512                                                , 1    , 0.8347 , 1.0    ,       , 0.1908, 0.1347,           , 0.1381,        , 0.1783    ,           , 0.192    ,          , 0.1853      , 
minivite  , -l-p7-n64                                                 , 1    , 1.8072 , 1.0    ,       , 0.3289, 0.2377,           , 0.235 , 0.1696 , 0.3178    ,           , 0.3263   ,          , 0.3296      , 
minivite  , -l-p7-n8192                                               , 32   , 1.507  , 1.0    ,       , 0.5336,       ,           , 0.5381, 0.4301 , 0.4922    ,           , 0.6208   ,          , 0.3552      , 
minivite  , -l-p8-n128                                                , 1    , 1.4055 , 1.0    ,       , 0.1768, 0.1291,           , 0.1258,        , 0.1629    ,           , 0.1775   ,          , 0.1664      , 
minivite  , -l-p8-n16384                                              , 32   , 0.991  , 1.0    ,       , 0.3711,       ,           , 0.3717, 0.2921 , 0.3454    ,           , 0.4218   ,          , 0.2577      , 
minivite  , -l-p8-n256                                                , 1    , 0.4376 , 1.0    ,       , 0.1029,       ,           ,       ,        ,           ,           , 0.102    ,          , 0.1012      , 
minivite  , -l-p8-n32                                                 , 1    , 0.9059 , 1.0    ,       , 0.1311,       ,           ,       ,        , 0.1221    ,           , 0.1311   ,          , 0.1266      , 
minivite  , -l-p8-n4096                                               , 32   , 1.0287 , 1.0    ,       , 0.3252,       ,           , 0.33  , 0.2721 , 0.3114    ,           , 0.3882   ,          , 0.2298      , 
minivite  , -l-p8-n512                                                , 1    , 1.0065 , 1.0    ,       , 0.2906, 0.2069,           , 0.204 , 0.1534 , 0.2815    ,           , 0.2939   ,          , 0.2953      , 
minivite  , -l-p8-n64                                                 , 1    , 1.486  , 1.0    ,       , 0.1506, 0.1092,           , 0.1073,        , 0.138     ,           , 0.1504   ,          , 0.1511      , 
minivite  , -l-p8-n8192                                               , 32   , 0.9646 , 1.0    ,       , 0.3381,       ,           , 0.3313, 0.2885 , 0.3309    ,           , 0.4112   ,          , 0.2106      , 
minivite  , -l-p9-n128                                                , 1    , 4.8912 , 1.0    ,       , 0.3876, 0.2788,           , 0.2745, 0.1993 , 0.3532    ,           , 0.3817   ,          , 0.356       , 
minivite  , -l-p9-n16384                                              , 32   , 1.1084 , 1.0    ,       , 0.4089,       ,           , 0.3688, 0.3222 , 0.3888    ,           , 0.478    ,          , 0.295       , 
minivite  , -l-p9-n256                                                , 1    , 0.1081 , 1.0    ,       ,       ,       ,           ,       ,        ,           ,           ,          ,          ,             , 
minivite  , -l-p9-n32                                                 , 1    , 1.777  , 1.0    ,       , 0.1694, 0.1009,           , 0.1207,        , 0.1635    ,           , 0.169    ,          , 0.1714      , 
minivite  , -l-p9-n4096                                               , 32   , 1.0637 , 1.0    ,       , 0.3577,       ,           , 0.3395, 0.2747 , 0.3305    ,           , 0.4199   ,          , 0.2619      , 
minivite  , -l-p9-n512                                                , 1    , 0.5084 , 1.0    ,       , 0.2582, 0.1885,           , 0.1874, 0.1337 , 0.2637    ,           , 0.2585   ,          , 0.2546      , 
minivite  , -l-p9-n64                                                 , 1    , 2.9835 , 1.0    ,       , 0.2961, 0.2161,           , 0.2118, 0.1531 , 0.2883    ,           , 0.2936   ,          , 0.2987      , 
minivite  , -l-p9-n8192                                               , 32   , 1.0117 , 1.0    ,       , 0.3496,       ,           , 0.3101, 0.2838 , 0.3211    ,           , 0.407    ,          , 0.2471      , 
minivite  , -p1-n128                                                  , 1    , 1.471  , 1.0    ,       , 0.1838, 0.1304,           , 0.1312,        , 0.1744    ,           , 0.1821   ,          , 0.1822      , 
minivite  , -p1-n16384                                                , 32   , 0.966  , 1.0    ,       , 0.3622,       ,           , 0.3379, 0.2614 , 0.339     ,           , 0.4165   ,          , 0.2574      , 
minivite  , -p1-n256                                                  , 1    , 1.2369 , 1.0    ,       , 0.1696, 0.1251,           , 0.1216,        , 0.1647    ,           , 0.1704   ,          , 0.1696      , 
minivite  , -p1-n32                                                   , 1    , 1.4566 , 1.0    ,       ,       ,       ,           ,       ,        ,           ,           ,          ,          ,             , 
minivite  , -p1-n4096                                                 , 32   , 0.9993 , 1.0    ,       , 0.3511,       ,           , 0.316 , 0.2735 , 0.3141    ,           , 0.39     ,          , 0.1853      , 
minivite  , -p1-n512                                                  , 1    , 1.4056 , 1.0    ,       , 0.4384, 0.3168,           , 0.2987, 0.2267 , 0.4015    ,           , 0.4353   ,          , 0.4365      , 
minivite  , -p1-n64                                                   , 1    , 1.3282 , 1.0    ,       , 0.135 ,       ,           ,       ,        , 0.1298    ,           , 0.1341   ,          , 0.1343      , 
minivite  , -p1-n8192                                                 , 32   , 0.9169 , 1.0    ,       , 0.353 ,       ,           , 0.3252, 0.2844 , 0.3035    ,           , 0.4017   ,          , 0.2433      , 
minivite  , -p2-n128                                                  , 1    , 0.6502 , 1.0    ,       , 0.113 ,       ,           ,       ,        , 0.1079    ,           , 0.1124   ,          , 0.1149      , 
minivite  , -p2-n16384                                                , 32   , 1.1718 , 1.0    ,       , 0.4425,       ,           , 0.3834, 0.3303 , 0.3903    ,           , 0.4798   ,          , 0.2526      , 
minivite  , -p2-n256                                                  , 1    , 0.7123 , 1.0    ,       , 0.2713, 0.1244,           , 0.1968, 0.1409 , 0.2544    ,           , 0.2733   ,          , 0.2774      , 
minivite  , -p2-n32                                                   , 1    , 1.147  , 1.0    ,       ,       ,       ,           ,       ,        ,           ,           ,          ,          ,             , 
minivite  , -p2-n4096                                                 , 32   , 1.0934 , 1.0    ,       , 0.3841,       ,           , 0.3452, 0.315  , 0.3506    ,           , 0.4427   ,          , 0.2769      , 
minivite  , -p2-n512                                                  , 1    , 0.9514 , 1.0    ,       , 0.2365, 0.1706,           , 0.1681, 0.1214 , 0.2179    ,           , 0.2338   ,          , 0.194       , 
minivite  , -p2-n64                                                   , 1    , 1.0331 , 1.0    ,       ,       ,       ,           ,       ,        ,           ,           ,          ,          ,             , 
minivite  , -p2-n8192                                                 , 32   , 1.1426 , 1.0    ,       , 0.3763,       ,           , 0.349 , 0.2618 , 0.3361    ,           , 0.4262   ,          , 0.2225      , 
minivite  , -p3-n128                                                  , 1    , 0.538  , 1.0    ,       , 0.1006,       ,           ,       ,        ,           ,           , 0.1008   ,          ,             , 
minivite  , -p3-n16384                                                , 32   , 0.965  , 1.0    ,       , 0.3678,       ,           , 0.331 , 0.2936 , 0.3311    ,           , 0.4172   ,          , 0.2437      , 
minivite  , -p3-n256                                                  , 1    , 0.8255 , 1.0    ,       , 0.1913, 0.1379,           , 0.1325,        , 0.1747    ,           , 0.1894   ,          , 0.1927      , 
minivite  , -p3-n32                                                   , 1    , 1.3381 , 1.0    ,       , 0.1391, 0.1003,           ,       ,        , 0.1325    ,           , 0.1383   ,          , 0.1397      , 
minivite  , -p3-n4096                                                 , 32   , 1.2206 , 1.0    ,       , 0.4738,       ,           , 0.4221, 0.3892 , 0.4428    ,           , 0.5506   ,          , 0.3519      , 
minivite  , -p3-n512                                                  , 1    , 0.7212 , 1.0    ,       , 0.3548, 0.2576,           , 0.255 , 0.1852 , 0.3626    ,           , 0.3555   ,          , 0.3633      , 
minivite  , -p3-n64                                                   , 1    , 0.4304 , 1.0    ,       , 0.1058,       ,           ,       ,        , 0.1016    ,           , 0.105    ,          , 0.1067      , 
minivite  , -p3-n8192                                                 , 32   , 1.0154 , 1.0    ,       , 0.3722,       ,           , 0.3553, 0.29   , 0.3261    ,           , 0.4121   ,          , 0.2599      , 
minivite  , -p4-n128                                                  , 1    , 1.3064 , 1.0    ,       , 0.3057, 0.219 ,           , 0.2164, 0.1562 , 0.2795    ,           , 0.3042   ,          , 0.287       , 
minivite  , -p4-n16384                                                , 32   , 1.0229 , 1.0    ,       , 0.3872,       ,           , 0.3484, 0.3109 , 0.3529    ,           , 0.4469   ,          , 0.2772      , 
minivite  , -p4-n256                                                  , 1    , 0.71   , 1.0    ,       , 0.1667, 0.1217,           , 0.1183,        , 0.1596    ,           , 0.168    ,          , 0.171       , 
minivite  , -p4-n32                                                   , 1    , 1.7863 , 1.0    ,       ,       ,       ,           ,       ,        ,           ,           ,          ,          ,             , 
minivite  , -p4-n4096                                                 , 32   , 0.9236 , 1.0    ,       , 0.3557,       ,           , 0.31  , 0.2791 , 0.3147    ,           , 0.3973   ,          , 0.248       , 
minivite  , -p4-n512                                                  , 1    , 0.8992 , 1.0    ,       , 0.137 ,       ,           ,       ,        , 0.126     ,           , 0.1362   ,          , 0.1331      , 
minivite  , -p4-n64                                                   , 1    , 0.692  , 1.0    ,       , 0.1213,       ,           ,       ,        , 0.1183    ,           , 0.1228   ,          , 0.1221      , 
minivite  , -p4-n8192                                                 , 32   , 0.989  , 1.0    ,       , 0.3615,       ,           , 0.3298, 0.2868 , 0.3256    ,           , 0.4147   ,          , 0.2597      , 
minivite  , -p5-n128                                                  , 1    , 0.416  , 1.0    ,       ,       ,       ,           ,       ,        ,           ,           ,          ,          ,             , 
minivite  , -p5-n16384                                                , 32   , 1.3174 , 1.0    ,       , 0.5034,       ,           , 0.4667, 0.396  , 0.4547    ,           , 0.5671   ,          , 0.3527      , 
minivite  , -p5-n256                                                  , 1    , 0.2499 , 1.0    ,       ,       ,       ,           ,       ,        ,           ,           ,          ,          ,             , 
minivite  , -p5-n32                                                   , 1    , 0.2024 , 1.0    ,       ,       ,       ,           ,       ,        ,           ,           ,          ,          ,             , 
minivite  , -p5-n4096                                                 , 32   , 0.7327 , 1.0    ,       , 0.2831,       ,           , 0.237 , 0.2171 , 0.2472    ,           , 0.3102   ,          , 0.1919      , 
minivite  , -p5-n512                                                  , 1    , 1.0062 , 1.0    ,       , 0.3651, 0.264 ,           , 0.2617, 0.1896 , 0.3519    ,           , 0.3651   ,          , 0.3362      , 
minivite  , -p5-n64                                                   , 1    , 0.359  , 1.0    ,       ,       ,       ,           ,       ,        ,           ,           ,          ,          ,             , 
minivite  , -p5-n8192                                                 , 32   , 0.9938 , 1.0    ,       , 0.3324,       ,           , 0.3183, 0.2717 , 0.3088    ,           , 0.3882   ,          , 0.2412      , 
minivite  , -p6-n128                                                  , 1    , 0.6128 , 1.0    ,       , 0.1078,       ,           ,       ,        ,           ,           , 0.1067   ,          , 0.1073      , 
minivite  , -p6-n16384                                                , 32   , 1.1647 , 1.0    ,       , 0.4255,       ,           , 0.3953, 0.3369 , 0.3912    ,           , 0.4873   ,          , 0.3065      , 
minivite  , -p6-n256                                                  , 1    , 0.1944 , 1.0    ,       ,       ,       ,           ,       ,        ,           ,           ,          ,          ,             , 
minivite  , -p6-n32                                                   , 1    , 0.5854 , 1.0    ,       ,       ,       ,           ,       ,        ,           ,           ,          ,          ,             , 
minivite  , -p6-n4096                                                 , 32   , 0.9389 , 1.0    ,       , 0.3386,       ,           , 0.3275, 0.2812 , 0.3114    ,           , 0.3448   ,          , 0.2478      , 
minivite  , -p6-n512                                                  , 1    , 0.6677 , 1.0    ,       , 0.2169, 0.1579,           , 0.151 , 0.1121 , 0.191     ,           , 0.2159   ,          , 0.2117      , 
minivite  , -p6-n64                                                   , 1    , 0.8105 , 1.0    ,       ,       ,       ,           ,       ,        ,           ,           ,          ,          ,             , 
minivite  , -p6-n8192                                                 , 32   , 0.8556 , 1.0    ,       , 0.3127,       ,           , 0.2871, 0.2464 , 0.2836    ,           , 0.3534   ,          , 0.2212      , 
minivite  , -p7-n128                                                  , 1    , 0.983  , 1.0    ,       , 0.1251,       ,           ,       ,        , 0.115     ,           ,          ,          , 0.1265      , 
minivite  , -p7-n16384                                                , 32   , 0.9877 , 1.0    ,       , 0.3756,       ,           , 0.3602, 0.3094 , 0.3475    ,           , 0.3315   ,          , 0.2737      , 
minivite  , -p7-n256                                                  , 1    , 0.9844 , 1.0    ,       , 0.1928, 0.1403,           , 0.1346,        , 0.1748    ,           , 0.1921   ,          , 0.1876      , 
minivite  , -p7-n32                                                   , 1    , 1.146  , 1.0    ,       , 0.137 ,       ,           ,       ,        , 0.1327    ,           , 0.1373   ,          , 0.1383      , 
minivite  , -p7-n4096                                                 , 32   , 0.8689 , 1.0    ,       , 0.3301,       ,           , 0.2969, 0.2517 , 0.2923    ,           , 0.3639   ,          , 0.2313      , 
minivite  , -p7-n512                                                  , 1    , 1.8547 , 1.0    ,       , 0.5323, 0.3868,           , 0.3846, 0.2771 , 0.5157    ,           , 0.5347   ,          , 0.533       , 
minivite  , -p7-n64                                                   , 1    , 0.826  , 1.0    ,       , 0.1917, 0.139 ,           , 0.1347,        , 0.1719    ,           , 0.1899   ,          , 0.1901      , 
minivite  , -p7-n8192                                                 , 32   , 1.0137 , 1.0    ,       , 0.3735,       ,           , 0.3587, 0.3035 , 0.3409    ,           , 0.4182   ,          , 0.2417      , 
minivite  , -p8-n128                                                  , 1    , 2.2761 , 1.0    ,       , 0.2279, 0.1657,           , 0.1643, 0.1185 , 0.2084    ,           , 0.2287   ,          , 0.2255      , 
minivite  , -p8-n16384                                                , 32   , 1.0369 , 1.0    ,       , 0.402 ,       ,           , 0.3701, 0.3203 , 0.3603    ,           , 0.4508   ,          , 0.2771      , 
minivite  , -p8-n256                                                  , 1    , 1.1889 , 1.0    ,       , 0.1841, 0.1337,           , 0.118 ,        , 0.1786    ,           , 0.185    ,          , 0.1806      , 
minivite  , -p8-n32                                                   , 1    , 1.276  , 1.0    ,       ,       ,       ,           ,       ,        ,           ,           ,          ,          ,             , 
minivite  , -p8-n4096                                                 , 32   , 0.9689 , 1.0    ,       , 0.356 ,       ,           , 0.3324, 0.2869 , 0.3238    ,           , 0.3167   ,          , 0.2581      , 
minivite  , -p8-n512                                                  , 1    , 1.404  , 1.0    ,       , 0.427 , 0.31  ,           , 0.2946, 0.2205 , 0.4106    ,           , 0.425    ,          , 0.421       , 
minivite  , -p8-n64                                                   , 1    , 0.901  , 1.0    ,       , 0.1243,       ,           ,       ,        , 0.1153    ,           ,          ,          , 0.1223      , 
minivite  , -p8-n8192                                                 , 32   , 1.0576 , 1.0    ,       , 0.3909,       ,           , 0.3585, 0.3083 , 0.3455    ,           , 0.3321   ,          , 0.2694      , 
minivite  , -p9-n128                                                  , 1    , 0.6884 , 1.0    ,       ,       ,       ,           ,       ,        , 0.1042    ,           , 0.1087   ,          , 0.1084      , 
minivite  , -p9-n16384                                                , 32   , 1.0621 , 1.0    ,       , 0.3858,       ,           , 0.3679, 0.3122 , 0.3515    ,           , 0.4414   ,          , 0.277       , 
minivite  , -p9-n256                                                  , 1    , 1.0388 , 1.0    ,       , 0.1524, 0.1069,           , 0.1262,        , 0.169     ,           , 0.1774   ,          , 0.1709      , 
minivite  , -p9-n32                                                   , 1    , 3.6627 , 1.0    ,       , 0.2782, 0.2005,           , 0.1971, 0.1405 , 0.2651    ,           , 0.2776   ,          , 0.2788      , 
minivite  , -p9-n4096                                                 , 32   , 0.9777 , 1.0    ,       , 0.3465,       ,           , 0.3364, 0.2774 , 0.3178    ,           , 0.3969   ,          , 0.2236      , 
minivite  , -p9-n512                                                  , 1    , 0.957  , 1.0    ,       , 0.4039, 0.2938,           , 0.2896, 0.2116 , 0.3751    ,           , 0.408    ,          , 0.3291      , 
minivite  , -p9-n64                                                   , 1    , 9.8361 , 1.0    ,       , 0.2551, 0.1856,           , 0.1829, 0.1316 , 0.2359    ,           , 0.2559   ,          , 0.2559      , 
minivite  , -p9-n8192                                                 , 32   , 1.0927 , 1.0    ,       , 0.3752,       ,           , 0.3423, 0.2932 , 0.3172    ,           , 0.4178   ,          , 0.2521      , 
minivite  , -w-l-p1-n128                                              , 1    , 0.4821 , 1.0    ,       ,       ,       ,           ,       ,        ,           ,           ,          ,          ,             , 
minivite  , -w-l-p1-n16384                                            , 32   , 1.1114 , 1.0    ,       , 0.4285,       ,           , 0.4023, 0.3443 , 0.3939    ,           , 0.4855   ,          , 0.3077      , 
minivite  , -w-l-p1-n256                                              , 1    , 1.6122 , 1.0    ,       , 0.1905, 0.1377,           , 0.1364,        , 0.1775    ,           , 0.1911   ,          , 0.1893      , 
minivite  , -w-l-p1-n32                                               , 1    , 0.3542 , 1.0    ,       ,       ,       ,           ,       ,        ,           ,           ,          ,          ,             , 
minivite  , -w-l-p1-n4096                                             , 32   , 1.3515 , 1.0    ,       , 0.4751,       ,           , 0.4401, 0.373  , 0.4228    ,           , 0.5339   ,          , 0.3341      , 
minivite  , -w-l-p1-n512                                              , 1    , 2.2097 , 1.0    ,       , 0.4419, 0.3241,           , 0.3184, 0.2302 , 0.4232    ,           , 0.4425   ,          , 0.4219      , 
minivite  , -w-l-p1-n64                                               , 1    , 2.0662 , 1.0    ,       , 0.1004,       ,           ,       ,        ,           ,           , 0.1006   ,          ,             , 
minivite  , -w-l-p1-n8192                                             , 32   , 1.0941 , 1.0    ,       , 0.4073,       ,           , 0.3763, 0.2787 , 0.3592    ,           , 0.3881   ,          , 0.2956      , 
minivite  , -w-l-p2-n128                                              , 1    , 0.5759 , 1.0    ,       , 0.151 , 0.1095,           , 0.1069,        , 0.1401    ,           , 0.1516   ,          , 0.1501      , 
minivite  , -w-l-p2-n16384                                            , 32   , 0.9909 , 1.0    ,       , 0.3756,       ,           , 0.3481, 0.2931 , 0.3321    ,           , 0.3974   ,          , 0.2609      , 
minivite  , -w-l-p2-n256                                              , 1    , 3.6627 , 1.0    ,       , 0.1883, 0.1354,           , 0.1342,        , 0.1771    ,           , 0.1858   ,          , 0.1761      , 
minivite  , -w-l-p2-n32                                               , 1    , 1.7121 , 1.0    ,       , 0.2   , 0.1443,           , 0.1415,        , 0.1777    ,           , 0.1995   ,          , 0.1883      , 
minivite  , -w-l-p2-n4096                                             , 32   , 0.8659 , 1.0    ,       , 0.3518,       ,           , 0.3159, 0.2759 , 0.3083    ,           , 0.301    ,          , 0.2475      , 
minivite  , -w-l-p2-n512                                              , 1    , 0.8469 , 1.0    ,       , 0.1532, 0.1219,           , 0.1209,        , 0.1691    ,           , 0.1677   ,          , 0.1627      , 
minivite  , -w-l-p2-n64                                               , 1    , 1.3999 , 1.0    ,       , 0.1643, 0.1195,           , 0.117 ,        , 0.1575    ,           , 0.1652   ,          , 0.1667      , 
minivite  , -w-l-p2-n8192                                             , 32   , 1.1127 , 1.0    ,       , 0.4267,       ,           , 0.4028, 0.3472 , 0.39      ,           , 0.4913   ,          , 0.3086      , 
minivite  , -w-l-p3-n128                                              , 1    , 2.8834 , 1.0    ,       , 0.1418, 0.1046,           , 0.1019,        , 0.1394    ,           , 0.1438   ,          , 0.1456      , 
minivite  , -w-l-p3-n16384                                            , 32   , 1.0794 , 1.0    ,       , 0.4283,       ,           , 0.4351, 0.3466 , 0.3895    ,           , 0.4973   ,          , 0.314       , 
minivite  , -w-l-p3-n256                                              , 1    , 2.1973 , 1.0    ,       , 0.3067, 0.2254,           , 0.2223, 0.1564 , 0.2849    ,           , 0.3091   ,          , 0.3099      , 
minivite  , -w-l-p3-n32                                               , 1    , 3.6869 , 1.0    ,       , 0.1855, 0.134 ,           , 0.1269,        , 0.1688    ,           , 0.1842   ,          , 0.1812      , 
minivite  , -w-l-p3-n4096                                             , 32   , 1.0875 , 1.0    ,       , 0.412 ,       ,           , 0.3749, 0.3336 , 0.3688    ,           , 0.3398   ,          , 0.2897      , 
minivite  , -w-l-p3-n512                                              , 1    , 1.4782 , 1.0    ,       , 0.3393, 0.2441,           , 0.2429, 0.1747 , 0.3089    ,           , 0.3356   ,          , 0.3332      , 
minivite  , -w-l-p3-n64                                               , 1    , 2.2797 , 1.0    ,       , 0.2346, 0.1698,           , 0.1669, 0.1209 , 0.216     ,           , 0.2343   ,          , 0.2339      , 
minivite  , -w-l-p3-n8192                                             , 32   , 1.0614 , 1.0    ,       , 0.3979,       ,           , 0.3705, 0.3151 , 0.3546    ,           , 0.4423   ,          , 0.2808      , 
minivite  , -w-l-p4-n128                                              , 1    , 0.9019 , 1.0    ,       , 0.1192,       ,           ,       ,        , 0.1089    ,           , 0.1185   ,          , 0.1176      , 
minivite  , -w-l-p4-n16384                                            , 32   , 0.9387 , 1.0    ,       , 0.3533,       ,           , 0.3137, 0.2795 , 0.3143    ,           , 0.3938   ,          , 0.2429      , 
minivite  , -w-l-p4-n256                                              , 1    , 0.4975 , 1.0    ,       , 0.2141, 0.1557,           , 0.152 , 0.1106 , 0.2065    ,           , 0.2143   ,          , 0.2125      , 
minivite  , -w-l-p4-n32                                               , 1    , 0.8645 , 1.0    ,       , 0.11  ,       ,           ,       ,        ,           ,           , 0.1095   ,          , 0.1102      , 
minivite  , -w-l-p4-n4096                                             , 32   , 0.9883 , 1.0    ,       , 0.366 ,       ,           , 0.3336, 0.2855 , 0.3144    ,           , 0.4091   ,          , 0.2512      , 
minivite  , -w-l-p4-n512                                              , 1    , 1.7014 , 1.0    ,       , 0.353 , 0.2386,           , 0.251 , 0.1827 , 0.3226    ,           , 0.3378   ,          , 0.3486      , 
minivite  , -w-l-p4-n64                                               , 1    , 0.3964 , 1.0    ,       , 0.1292,       ,           ,       ,        , 0.1151    ,           , 0.1283   ,          , 0.1286      , 
minivite  , -w-l-p4-n8192                                             , 32   , 1.0145 , 1.0    ,       , 0.374 ,       ,           , 0.3275, 0.276  , 0.3293    ,           , 0.4174   ,          , 0.2152      , 
minivite  , -w-l-p5-n128                                              , 1    , 1.5805 , 1.0    ,       , 0.1643, 0.1191,           , 0.1167,        , 0.1536    ,           , 0.1639   ,          , 0.1634      , 
minivite  , -w-l-p5-n16384                                            , 32   , 1.3309 , 1.0    ,       , 0.5277,       ,           , 0.4632, 0.4074 , 0.4759    ,           , 0.5862   ,          , 0.3401      , 
minivite  , -w-l-p5-n256                                              , 1    , 0.3675 , 1.0    ,       ,       ,       ,           ,       ,        ,           ,           ,          ,          ,             , 
minivite  , -w-l-p5-n32                                               , 1    , 1.7    , 1.0    ,       , 0.1789, 0.1305,           , 0.1273,        , 0.1688    ,           , 0.1799   ,          , 0.1765      , 
minivite  , -w-l-p5-n4096                                             , 32   , 1.0246 , 1.0    ,       , 0.3689,       ,           , 0.3467, 0.2884 , 0.3385    ,           , 0.4325   ,          , 0.2589      , 
minivite  , -w-l-p5-n512                                              , 1    , 1.6176 , 1.0    ,       , 0.2303, 0.1682,           , 0.1663, 0.1206 , 0.2116    ,           , 0.233    ,          , 0.2243      , 
minivite  , -w-l-p5-n64                                               , 1    , 1.3758 , 1.0    ,       , 0.1323,       ,           ,       ,        , 0.1243    ,           , 0.1306   ,          , 0.1308      , 
minivite  , -w-l-p5-n8192                                             , 32   , 1.05   , 1.0    ,       , 0.3715,       ,           , 0.3365, 0.2961 , 0.3287    ,           , 0.3642   ,          , 0.2572      , 
minivite  , -w-l-p6-n128                                              , 1    , 1.9467 , 1.0    ,       , 0.2399, 0.174 ,           , 0.1714, 0.124  , 0.2227    ,           , 0.2416   ,          , 0.239       , 
minivite  , -w-l-p6-n16384                                            , 32   , 1.0329 , 1.0    ,       , 0.4002,       ,           , 0.3556, 0.3056 , 0.3515    ,           , 0.4404   ,          , 0.2325      , 
minivite  , -w-l-p6-n256                                              , 1    , 2.0289 , 1.0    ,       , 0.4029, 0.2926,           , 0.275 , 0.2086 , 0.3837    ,           , 0.4033   ,          , 0.3935      , 
minivite  , -w-l-p6-n32                                               , 1    , 5.8179 , 1.0    ,       , 0.1608, 0.1156,           , 0.1102,        , 0.1499    ,           , 0.1602   ,          , 0.1581      , 
minivite  , -w-l-p6-n4096                                             , 32   , 1.275  , 1.0    ,       , 0.4754,       ,           , 0.3728, 0.3806 , 0.4201    ,           , 0.5337   ,          , 0.3274      , 
minivite  , -w-l-p6-n512                                              , 1    , 1.142  , 1.0    ,       , 0.2485, 0.1812,           , 0.1803, 0.13   , 0.2395    ,           , 0.2486   ,          , 0.2531      , 
minivite  , -w-l-p6-n64                                               , 1    , 0.3321 , 1.0    ,       ,       ,       ,           ,       ,        ,           ,           ,          ,          ,             , 
minivite  , -w-l-p6-n8192                                             , 32   , 1.04   , 1.0    ,       , 0.3666,       ,           , 0.3059, 0.2977 , 0.3372    ,           , 0.4285   ,          , 0.2603      , 
minivite  , -w-l-p7-n128                                              , 1    , 2.0736 , 1.0    ,       , 0.2648, 0.1702,           , 0.1887, 0.1371 , 0.2447    ,           , 0.2631   ,          , 0.2642      , 
minivite  , -w-l-p7-n16384                                            , 32   , 0.893  , 1.0    ,       , 0.3097,       ,           , 0.2558, 0.2547 , 0.2809    ,           , 0.2503   ,          , 0.2125      , 
minivite  , -w-l-p7-n256                                              , 1    , 0.8878 , 1.0    ,       , 0.2127,       ,           , 0.1508, 0.1089 , 0.2061    ,           , 0.2117   ,          , 0.2083      , 
minivite  , -w-l-p7-n32                                               , 1    , 0.6071 , 1.0    ,       , 0.1308,       ,           ,       ,        , 0.1262    ,           , 0.1311   ,          , 0.1299      , 
minivite  , -w-l-p7-n4096                                             , 32   , 1.014  , 1.0    ,       , 0.3726,       ,           , 0.2948, 0.2878 , 0.3235    ,           , 0.407    ,          , 0.2238      , 
minivite  , -w-l-p7-n512                                              , 1    , 1.1636 , 1.0    ,       , 0.2341, 0.1687,           , 0.1674, 0.1213 , 0.2163    ,           , 0.234    ,          , 0.2289      , 
minivite  , -w-l-p7-n64                                               , 1    , 1.369  , 1.0    ,       , 0.1472,       ,           , 0.1046,        , 0.1502    ,           , 0.1477   ,          , 0.1485      , 
minivite  , -w-l-p7-n8192                                             , 32   , 0.9877 , 1.0    ,       , 0.3722,       ,           , 0.3402, 0.2652 , 0.3306    ,           , 0.3626   ,          , 0.2643      , 
minivite  , -w-l-p8-n128                                              , 1    , 1.0207 , 1.0    ,       , 0.224 , 0.1628,           , 0.1608, 0.1161 , 0.2039    ,           , 0.2237   ,          , 0.2251      , 
minivite  , -w-l-p8-n16384                                            , 32   , 1.3474 , 1.0    ,       , 0.5169,       ,           , 0.4692, 0.4034 , 0.4742    ,           , 0.5905   ,          , 0.3617      , 
minivite  , -w-l-p8-n256                                              , 1    , 0.8753 , 1.0    ,       , 0.2098, 0.1551,           , 0.1527, 0.1094 , 0.1955    ,           , 0.2129   ,          , 0.2124      , 
minivite  , -w-l-p8-n32                                               , 1    , 0.807  , 1.0    ,       ,       ,       ,           ,       ,        ,           ,           ,          ,          , 0.1011      , 
minivite  , -w-l-p8-n4096                                             , 32   , 0.9106 , 1.0    ,       , 0.3279,       ,           , 0.3008, 0.2624 , 0.2967    ,           , 0.37     ,          , 0.2064      , 
minivite  , -w-l-p8-n512                                              , 1    , 1.8794 , 1.0    ,       , 0.4158, 0.3009,           , 0.2848, 0.2166 , 0.3997    ,           , 0.4129   ,          , 0.4141      , 
minivite  , -w-l-p8-n64                                               , 1    , 2.7595 , 1.0    ,       , 0.3494, 0.2536,           , 0.2478, 0.1782 , 0.3178    ,           , 0.3489   ,          , 0.3422      , 
minivite  , -w-l-p8-n8192                                             , 32   , 0.9745 , 1.0    ,       , 0.3719,       ,           , 0.3428, 0.259  , 0.3225    ,           , 0.3777   ,          , 0.2192      , 
minivite  , -w-l-p9-n128                                              , 1    , 1.2998 , 1.0    ,       , 0.1667, 0.1207,           , 0.1181,        , 0.1531    ,           , 0.1657   ,          , 0.1636      , 
minivite  , -w-l-p9-n16384                                            , 32   , 1.112  , 1.0    ,       , 0.3796,       ,           , 0.3613, 0.3143 , 0.3446    ,           , 0.4404   ,          , 0.2769      , 
minivite  , -w-l-p9-n256                                              , 1    , 0.8459 , 1.0    ,       , 0.1728, 0.1244,           , 0.1229,        , 0.1543    ,           , 0.1708   ,          , 0.1573      , 
minivite  , -w-l-p9-n32                                               , 1    , 0.8883 , 1.0    ,       ,       ,       ,           ,       ,        ,           ,           ,          ,          ,             , 
minivite  , -w-l-p9-n4096                                             , 32   , 0.8925 , 1.0    ,       , 0.3844,       ,           , 0.3468, 0.2983 , 0.3335    ,           , 0.4209   ,          , 0.2302      , 
minivite  , -w-l-p9-n512                                              , 1    , 1.1954 , 1.0    ,       , 0.1676, 0.1222,           , 0.1215,        , 0.1547    ,           , 0.1691   ,          , 0.1644      , 
minivite  , -w-l-p9-n64                                               , 1    , 11.1834, 1.0    ,       , 0.2799, 0.2042,           , 0.1984, 0.1445 , 0.2706    ,           , 0.2814   ,          , 0.2812      , 
minivite  , -w-l-p9-n8192                                             , 32   , 0.8522 , 1.0    ,       , 0.3114,       ,           , 0.2627, 0.2304 , 0.2802    ,           , 0.3324   ,          , 0.206       , 
minivite  , -w-p1-n128                                                , 1    , 0.7692 , 1.0    ,       , 0.16  , 0.1152,           , 0.1133,        , 0.1503    ,           , 0.1588   ,          , 0.1616      , 
minivite  , -w-p1-n16384                                              , 32   , 1.2362 , 1.0    ,       , 0.4115,       ,           , 0.3586, 0.3122 , 0.3886    ,           , 0.4311   ,          , 0.2999      , 
minivite  , -w-p1-n256                                                , 1    , 1.6476 , 1.0    ,       , 0.2838, 0.2033,           , 0.1991, 0.1448 , 0.2614    ,           , 0.2802   ,          , 0.2862      , 
minivite  , -w-p1-n32                                                 , 1    , 1.7964 , 1.0    ,       , 0.2118, 0.1534,           , 0.1504, 0.1094 , 0.1911    ,           , 0.2129   ,          , 0.2101      , 
minivite  , -w-p1-n4096                                               , 32   , 1.0102 , 1.0    ,       , 0.3986,       ,           , 0.3522, 0.3124 , 0.3492    ,           , 0.4428   ,          , 0.2692      , 
minivite  , -w-p1-n512                                                , 1    , 2.0308 , 1.0    ,       , 0.4106, 0.2974,           , 0.2904, 0.2113 , 0.3948    ,           , 0.4087   ,          , 0.4087      , 
minivite  , -w-p1-n64                                                 , 1    , 0.3539 , 1.0    ,       ,       ,       ,           ,       ,        ,           ,           ,          ,          ,             , 
minivite  , -w-p1-n8192                                               , 32   , 1.0101 , 1.0    ,       , 0.38  ,       ,           , 0.3447, 0.3056 , 0.3445    ,           , 0.4305   ,          , 0.2154      , 
minivite  , -w-p2-n128                                                , 1    , 1.3862 , 1.0    ,       , 0.2737, 0.208 ,           , 0.203 , 0.1494 , 0.275     ,           , 0.2874   ,          , 0.2854      , 
minivite  , -w-p2-n16384                                              , 32   , 0.9206 , 1.0    ,       , 0.3425,       ,           , 0.3076, 0.2627 , 0.3045    ,           , 0.3802   ,          , 0.2027      , 
minivite  , -w-p2-n256                                                , 1    , 1.3128 , 1.0    ,       , 0.218 , 0.1595,           , 0.156 , 0.1129 , 0.2098    ,           , 0.2186   ,          , 0.216       , 
minivite  , -w-p2-n32                                                 , 1    , 0.2866 , 1.0    ,       ,       ,       ,           ,       ,        ,           ,           ,          ,          ,             , 
minivite  , -w-p2-n4096                                               , 32   , 0.9664 , 1.0    ,       , 0.3771,       ,           , 0.3346, 0.2902 , 0.3326    ,           , 0.4176   ,          , 0.2602      , 
minivite  , -w-p2-n512                                                , 1    , 2.3847 , 1.0    ,       , 0.6906, 0.3268,           , 0.4918, 0.3519 , 0.6236    ,           , 0.6844   ,          , 0.6827      , 
minivite  , -w-p2-n64                                                 , 1    , 1.1912 , 1.0    ,       ,       ,       ,           ,       ,        ,           ,           ,          ,          ,             , 
minivite  , -w-p2-n8192                                               , 32   , 1.0877 , 1.0    ,       , 0.4192,       ,           , 0.376 , 0.3336 , 0.3714    ,           , 0.4728   ,          , 0.2904      , 
minivite  , -w-p3-n128                                                , 1    , 0.8768 , 1.0    ,       ,       ,       ,           ,       ,        ,           ,           ,          ,          ,             , 
minivite  , -w-p3-n16384                                              , 32   , 1.0128 , 1.0    ,       , 0.3875,       ,           , 0.3646, 0.3175 , 0.364     ,           , 0.4548   ,          , 0.2823      , 
minivite  , -w-p3-n256                                                , 1    , 0.9042 , 1.0    ,       , 0.194 , 0.1396,           , 0.1375,        , 0.1762    ,           , 0.1933   ,          , 0.1918      , 
minivite  , -w-p3-n32                                                 , 1    , 1.2487 , 1.0    ,       , 0.1274,       ,           ,       ,        , 0.1172    ,           , 0.1271   ,          , 0.1272      , 
minivite  , -w-p3-n4096                                               , 32   , 0.793  , 1.0    ,       , 0.2865,       ,           , 0.2648, 0.2064 , 0.2557    ,           , 0.3228   ,          , 0.2048      , 
minivite  , -w-p3-n512                                                , 1    , 1.8397 , 1.0    ,       , 0.483 , 0.3513,           , 0.3364, 0.2519 , 0.4639    ,           , 0.48     ,          , 0.4713      , 
minivite  , -w-p3-n64                                                 , 1    , 0.9905 , 1.0    ,       ,       ,       ,           ,       ,        ,           ,           ,          ,          ,             , 
minivite  , -w-p3-n8192                                               , 32   , 0.7595 , 1.0    ,       , 0.3522,       ,           , 0.2808, 0.2641 , 0.3129    ,           , 0.3956   ,          , 0.2472      , 
minivite  , -w-p4-n16384                                              , 32   , 0.938  , 1.0    ,       , 0.3615,       ,           , 0.3308, 0.2962 , 0.3285    ,           , 0.4184   ,          , 0.2605      , 
minivite  , -w-p4-n256                                                , 1    , 0.729  , 1.0    ,       , 0.1575, 0.1143,           , 0.1068,        , 0.1469    ,           , 0.1587   ,          , 0.1541      , 
minivite  , -w-p4-n32                                                 , 1    , 1.1506 , 1.0    ,       ,       ,       ,           ,       ,        ,           ,           ,          ,          ,             , 
minivite  , -w-p4-n4096                                               , 32   , 0.9289 , 1.0    ,       , 0.3418,       ,           , 0.3077, 0.2769 , 0.3127    ,           , 0.3942   ,          , 0.2188      , 
minivite  , -w-p4-n512                                                , 1    , 1.0422 , 1.0    ,       , 0.4892, 0.3513,           , 0.3308, 0.2523 , 0.4426    ,           , 0.4855   ,          , 0.4753      , 
minivite  , -w-p4-n64                                                 , 1    , 0.6532 , 1.0    ,       ,       ,       ,           ,       ,        ,           ,           ,          ,          ,             , 
minivite  , -w-p4-n8192                                               , 32   , 0.8175 , 1.0    ,       , 0.3315,       ,           , 0.3016, 0.2612 , 0.2944    ,           , 0.3715   ,          , 0.2347      , 
minivite  , -w-p5-n128                                                , 1    , 2.7974 , 1.0    ,       , 0.2177, 0.1582,           , 0.1541, 0.113  , 0.2097    ,           , 0.2183   ,          , 0.2168      , 
minivite  , -w-p5-n16384                                              , 32   , 1.0662 , 1.0    ,       , 0.3939,       ,           , 0.3434, 0.3256 , 0.3777    ,           , 0.4666   ,          , 0.2842      , 
minivite  , -w-p5-n256                                                , 1    , 1.4044 , 1.0    ,       , 0.2073, 0.125 ,           , 0.1479,        , 0.1908    ,           , 0.2071   ,          , 0.205       , 
minivite  , -w-p5-n4096                                               , 32   , 1.4136 , 1.0    ,       , 0.491 ,       ,           , 0.4495, 0.3879 , 0.4467    ,           , 0.5659   ,          , 0.3398      , 
minivite  , -w-p5-n512                                                , 1    , 1.342  , 1.0    ,       , 0.2804, 0.2029,           , 0.2003, 0.1455 , 0.2552    ,           , 0.2798   ,          , 0.2187      , 
minivite  , -w-p5-n64                                                 , 1    , 1.2841 , 1.0    ,       ,       ,       ,           ,       ,        ,           ,           ,          ,          ,             , 
minivite  , -w-p5-n8192                                               , 32   , 0.9004 , 1.0    ,       , 0.3292,       ,           , 0.3209, 0.2645 , 0.3029    ,           , 0.3844   ,          , 0.2327      , 
minivite  , -w-p6-n128                                                , 1    , 0.781  , 1.0    ,       , 0.1032,       ,           ,       ,        ,           ,           , 0.1032   ,          , 0.1023      , 
minivite  , -w-p6-n16384                                              , 32   , 0.9962 , 1.0    ,       , 0.3834,       ,           , 0.3701, 0.2801 , 0.3516    ,           , 0.4437   ,          , 0.272       , 
minivite  , -w-p6-n256                                                , 1    , 2.9926 , 1.0    ,       , 0.3002, 0.2169,           , 0.2133, 0.155  , 0.2757    ,           , 0.3      ,          , 0.2957      , 
minivite  , -w-p6-n32                                                 , 1    , 3.5581 , 1.0    ,       ,       ,       ,           ,       ,        ,           ,           ,          ,          ,             , 
minivite  , -w-p6-n4096                                               , 32   , 0.9668 , 1.0    ,       , 0.3659,       ,           , 0.324 , 0.2844 , 0.3224    ,           , 0.4055   ,          , 0.2495      , 
minivite  , -w-p6-n512                                                , 1    , 1.9609 , 1.0    ,       , 0.4066, 0.2935,           , 0.28  , 0.2085 , 0.373     ,           , 0.4059   ,          , 0.4086      , 
minivite  , -w-p6-n64                                                 , 1    , 2.9793 , 1.0    ,       ,       ,       ,           ,       ,        ,           ,           ,          ,          ,             , 
minivite  , -w-p6-n8192                                               , 32   , 1.1121 , 1.0    ,       , 0.4161,       ,           , 0.3924, 0.3331 , 0.3676    ,           , 0.4714   ,          , 0.2876      , 
minivite  , -w-p7-n128                                                , 1    , 0.3145 , 1.0    ,       ,       ,       ,           ,       ,        ,           ,           ,          ,          ,             , 
minivite  , -w-p7-n16384                                              , 32   , 0.9    , 1.0    ,       , 0.3408,       ,           , 0.3136, 0.2785 , 0.3094    ,           , 0.3901   ,          , 0.2453      , 
minivite  , -w-p7-n256                                                , 1    , 0.5143 , 1.0    ,       , 0.15  , 0.1084,           , 0.1061,        , 0.1356    ,           , 0.1481   ,          , 0.125       , 
minivite  , -w-p7-n32                                                 , 1    , 1.4271 , 1.0    ,       , 0.1034,       ,           ,       ,        ,           ,           , 0.1035   ,          , 0.1016      , 
minivite  , -w-p7-n4096                                               , 32   , 0.8804 , 1.0    ,       , 0.3296,       ,           , 0.2729, 0.2667 , 0.3044    ,           , 0.382    ,          , 0.228       , 
minivite  , -w-p7-n512                                                , 1    , 1.1241 , 1.0    ,       , 0.2691, 0.1959,           , 0.1949, 0.1399 , 0.2586    ,           , 0.2717   ,          , 0.2664      , 
minivite  , -w-p7-n64                                                 , 1    , 0.878  , 1.0    ,       ,       ,       ,           ,       ,        ,           ,           ,          ,          ,             , 
minivite  , -w-p7-n8192                                               , 32   , 0.8916 , 1.0    ,       , 0.3711,       ,           , 0.3072, 0.2873 , 0.3292    ,           , 0.4106   ,          , 0.2482      , 
minivite  , -w-p8-n128                                                , 1    , 2.7565 , 1.0    ,       , 0.1529, 0.1076,           , 0.1092,        , 0.1381    ,           , 0.1544   ,          , 0.1548      , 
minivite  , -w-p8-n16384                                              , 32   , 1.112  , 1.0    ,       , 0.4277,       ,           , 0.3802, 0.3374 , 0.3779    ,           , 0.4743   ,          , 0.2941      , 
minivite  , -w-p8-n256                                                , 1    , 0.3686 , 1.0    ,       , 0.1297,       ,           ,       ,        , 0.1183    ,           , 0.1294   ,          , 0.1242      , 
minivite  , -w-p8-n32                                                 , 1    , 0.5796 , 1.0    ,       ,       ,       ,           ,       ,        ,           ,           ,          ,          ,             , 
minivite  , -w-p8-n4096                                               , 32   , 1.1093 , 1.0    ,       , 0.3901,       ,           , 0.3648, 0.3236 , 0.3499    ,           , 0.4552   ,          , 0.2886      , 
minivite  , -w-p8-n512                                                , 1    , 0.6468 , 1.0    ,       , 0.2874, 0.209 ,           , 0.2009, 0.1472 , 0.2646    ,           , 0.2862   ,          , 0.2821      , 
minivite  , -w-p8-n64                                                 , 1    , 1.4153 , 1.0    ,       , 0.1449, 0.1062,           , 0.103 ,        , 0.1339    ,           , 0.1461   ,          , 0.1431      , 
minivite  , -w-p8-n8192                                               , 32   , 2.0128 , 1.0    ,       , 0.7141,       ,           , 0.6482, 0.5388 , 0.6625    ,           , 0.8263   ,          , 0.4219      , 
minivite  , -w-p9-n128                                                , 1    , 0.6928 , 1.0    ,       , 0.1057,       ,           ,       ,        ,           ,           , 0.1056   ,          ,             , 
minivite  , -w-p9-n16384                                              , 32   , 1.5163 , 1.0    ,       , 0.5648,       ,           , 0.5014, 0.4487 , 0.4943    ,           , 0.6286   ,          , 0.3924      , 
minivite  , -w-p9-n256                                                , 1    , 3.0022 , 1.0    ,       , 0.2889, 0.2091,           , 0.2066, 0.1497 , 0.276     ,           , 0.2891   ,          , 0.2887      , 
minivite  , -w-p9-n32                                                 , 1    , 0.2707 , 1.0    ,       ,       ,       ,           ,       ,        ,           ,           ,          ,          ,             , 
minivite  , -w-p9-n4096                                               , 32   , 0.7097 , 1.0    ,       , 0.2569,       ,           , 0.2295, 0.2034 , 0.2275    ,           , 0.2924   ,          , 0.1789      , 
minivite  , -w-p9-n512                                                , 1    , 1.5949 , 1.0    ,       , 0.3325, 0.2393,           , 0.2366, 0.1706 , 0.3108    ,           , 0.3284   ,          , 0.3236      , 
minivite  , -w-p9-n64                                                 , 1    , 1.3692 , 1.0    ,       ,       ,       ,           ,       ,        ,           ,           ,          ,          ,             , 
minivite  , -w-p9-n8192                                               , 32   , 1.0697 , 1.0    ,       , 0.3645,       ,           , 0.3415, 0.2985 , 0.3368    ,           , 0.4248   ,          , 0.2601      , 
testdfft  , 10120                                                     , 1    , 0.9795 , 1.0    ,       , 0.9675, 0.8355, 1.6026    , 1.1394, 1.2791 , 1.2013    ,           , 1.5278   ,          , 1.5402      , 
testdfft  , 10120                                                     , 32   , 0.8705 , 1.0    ,       , 0.3965, 0.3843,           , 0.3969, 0.3298 , 0.3854    ,           , 0.3838   ,          , 0.293       , 
testdfft  , 10128                                                     , 1    , 0.9265 , 1.0    ,       , 1.052 , 0.7767, 0.8267    , 1.1453, 0.521  , 1.1878    ,           , 1.4276   ,          , 1.1754      , 
testdfft  , 10128                                                     , 32   , 1.4075 , 1.0    ,       , 0.5594, 0.554 ,           , 0.5723, 0.4786 , 0.5643    ,           , 0.5859   ,          , 0.4099      , 
testdfft  , 10160                                                     , 1    , 0.9798 , 1.0    ,       , 1.0401, 0.7906, 1.4365    , 1.1375, 1.3791 , 1.1697    ,           , 1.6004   ,          , 1.3087      , 
testdfft  , 10160                                                     , 32   , 0.7675 , 1.0    ,       , 0.4881, 0.5115,           , 0.4934, 0.4786 , 0.508     ,           , 0.5929   ,          , 0.433       , 
testdfft  , 10200                                                     , 1    , 1.0324 , 1.0    ,       , 1.1016, 0.8547, 1.718     , 1.3226, 1.6998 , 1.317     ,           , 1.9236   ,          , 1.8174      , 
testdfft  , 10200                                                     , 32   , 0.7276 , 1.0    ,       , 0.5982, 0.7029,           , 0.6088, 0.608  , 0.6499    ,           , 0.7799   ,          , 0.6244      , 
testdfft  , 10240                                                     , 1    , 1.0463 , 1.0    ,       , 1.1261, 0.8358, 1.5238    ,       , 1.5198 , 1.2722    ,           , 1.7356   ,          , 1.3648      , 
testdfft  , 10240                                                     , 32   , 0.7054 , 1.0    ,       , 0.685 , 0.831 ,           , 0.6859, 0.7472 , 0.7577    ,           , 0.8394   ,          , 0.8138      , 
testdfft  , 10256                                                     , 1    , 0.9312 , 1.0    ,       , 0.9881, 0.7064, 0.6944    , 1.217 , 0.428  , 1.2431    ,           , 1.8255   ,          , 0.982       , 
testdfft  , 10256                                                     , 32   , 0.7739 , 1.0    ,       , 0.7604, 0.7421,           , 0.726 , 0.8199 , 0.8117    ,           , 0.9115   ,          , 0.9209      , 
testdfft  , 1032                                                      , 1    , 0.7893 , 1.0    ,       , 0.1831, 0.1409, 1.0887    , 0.1494,        , 0.1908    ,           , 0.1782   ,          , 0.2028      , 
testdfft  , 1032                                                      , 32   , 0.7805 , 1.0    ,       ,       ,       ,           ,       ,        ,           ,           ,          ,          ,             , 
testdfft  , 1064                                                      , 1    , 0.8751 , 1.0    ,       , 0.6519, 0.3844, 0.9769    , 0.6561, 0.3353 , 0.769     ,           , 0.6916   ,          , 0.8408      , 
testdfft  , 1064                                                      , 32   , 0.8089 , 1.0    ,       , 0.117 , 0.1282,           , 0.1234, 0.1028 , 0.1171    ,           , 0.138    ,          ,             , 
testdfft  , 12128                                                     , 1    , 0.948  , 1.0    ,       , 1.0632, 0.8161, 0.9018    , 1.0885, 0.48   , 1.1692    ,           , 1.4556   ,          , 1.1139      , 
testdfft  , 12128                                                     , 32   , 1.3296 , 1.0    ,       , 0.5769, 0.5629,           , 0.6251, 0.5006 , 0.5971    ,           , 0.6154   ,          , 0.4186      , 
testdfft  , 12256                                                     , 1    , 0.9214 , 1.0    ,       , 0.9778, 0.6707, 0.5735    , 1.2162, 0.4471 , 1.2346    ,           , 1.8564   ,          , 1.1548      , 
testdfft  , 12256                                                     , 32   , 0.7696 , 1.0    ,       , 0.7754, 0.7267,           , 0.7188, 0.8609 , 0.8352    ,           , 0.9437   ,          , 0.937       , 
testdfft  , 1232                                                      , 1    , 1.0242 , 1.0    ,       , 0.2144, 0.1923, 1.3848    , 0.2044, 0.1069 , 0.2587    ,           , 0.2442   ,          , 0.2816      , 
testdfft  , 1232                                                      , 32   , 0.7924 , 1.0    ,       ,       ,       ,           ,       ,        ,           ,           ,          ,          ,             , 
testdfft  , 1264                                                      , 1    , 0.7846 , 1.0    ,       , 0.6468, 0.4977, 1.1296    , 0.6597, 0.3974 , 0.7684    ,           , 0.6971   ,          , 0.6853      , 
testdfft  , 1264                                                      , 32   , 0.7827 , 1.0    ,       , 0.1344, 0.13  ,           , 0.1344, 0.1104 , 0.1232    ,           , 0.1412   ,          ,             , 
testdfft  , 14128                                                     , 1    , 0.9478 , 1.0    ,       , 1.0403, 0.8253, 0.5417    , 1.1459, 1.143  , 1.1932    ,           , 1.507    ,          , 1.3441      , 
testdfft  , 14128                                                     , 32   , 1.3433 , 1.0    ,       , 0.6296, 0.6095,           , 0.7045, 0.5506 , 0.6572    ,           , 0.6652   ,          , 0.4623      , 
testdfft  , 14256                                                     , 1    , 0.9098 , 1.0    ,       , 0.9718, 0.6825, 1.312     , 1.2106, 0.4777 , 1.2258    ,           , 1.8188   ,          , 1.1894      , 
testdfft  , 14256                                                     , 32   , 0.7589 , 1.0    ,       , 0.7758, 0.7605,           , 0.7509, 0.8834 , 0.8501    ,           , 0.9409   ,          , 1.0751      , 
testdfft  , 1432                                                      , 1    , 0.6986 , 1.0    ,       , 0.1762, 0.1365, 0.9049    , 0.1468,        , 0.1965    ,           , 0.1728   ,          , 0.1976      , 
testdfft  , 1432                                                      , 32   , 0.8247 , 1.0    ,       ,       ,       ,           ,       ,        ,           ,           ,          ,          ,             , 
testdfft  , 1464                                                      , 1    , 0.8345 , 1.0    ,       , 0.6753, 0.5247, 0.5677    , 0.7241, 0.4095 , 0.8184    ,           , 0.7397   ,          , 0.9221      , 
testdfft  , 1464                                                      , 32   , 0.8017 , 1.0    ,       , 0.1463, 0.1427,           , 0.1412, 0.1201 , 0.1303    ,           , 0.1499   ,          , 0.1014      , 
testdfft  , 15120                                                     , 1    , 0.9819 , 1.0    ,       , 1.0536, 0.8141, 1.5799    , 1.1698, 1.3792 , 1.2277    ,           , 1.6357   ,          , 1.7133      , 
testdfft  , 15120                                                     , 32   , 0.8626 , 1.0    ,       , 0.4505, 0.4284,           , 0.4545, 0.3621 , 0.4378    ,           , 0.428    ,          , 0.3206      , 
testdfft  , 15160                                                     , 1    , 1.0326 , 1.0    ,       , 1.1166, 0.8487, 1.463     , 1.174 , 1.5266 , 1.2319    ,           , 1.7217   ,          , 1.3339      , 
testdfft  , 15160                                                     , 32   , 0.9546 , 1.0    ,       , 0.7114, 0.7438,           , 0.7401, 0.7174 , 0.7556    ,           , 0.9081   ,          , 0.6512      , 
testdfft  , 15200                                                     , 1    , 1.0298 , 1.0    ,       , 1.1023, 0.8552, 1.7106    , 1.3219, 1.7369 , 1.3063    ,           , 1.9312   ,          , 1.6482      , 
testdfft  , 15200                                                     , 32   , 0.7258 , 1.0    ,       , 0.6676, 0.7863,           , 0.6823, 0.6887 , 0.7255    ,           , 0.9216   ,          , 0.7375      , 
testdfft  , 15240                                                     , 1    , 1.0599 , 1.0    ,       , 1.134 , 0.7996, 1.5557    , 1.2841, 1.6187 , 1.2749    ,           , 1.7871   ,          , 1.1408      , 
testdfft  , 15240                                                     , 32   , 0.6991 , 1.0    ,       , 0.6979, 0.8858,           , 0.7012, 0.8015 , 0.8131    ,           , 0.8612   ,          , 0.9278      , 
testdfft  , 16128                                                     , 1    , 0.9571 , 1.0    ,       , 1.0414, 0.7963, 0.5385    , 1.1254, 0.4721 , 1.1812    ,           , 1.5131   ,          , 1.1908      , 
testdfft  , 16128                                                     , 32   , 0.7832 , 1.0    ,       , 0.4088, 0.3746,           , 0.4365, 0.3426 , 0.4213    ,           , 0.4225   ,          , 0.2818      , 
testdfft  , 16256                                                     , 1    , 0.8764 , 1.0    ,       , 0.97  , 0.6865, 0.5823    , 1.1926, 0.4195 , 1.2121    ,           , 1.818    ,          , 1.3289      , 
testdfft  , 16256                                                     , 32   , 0.7537 , 1.0    ,       , 0.7969, 0.7462,           , 0.7487, 0.9079 , 0.8686    ,           , 0.947    ,          , 1.0117      , 
testdfft  , 1632                                                      , 1    , 0.666  , 1.0    ,       , 0.2196, 0.1697, 1.076     , 0.1838, 0.101  , 0.231     ,           , 0.218    ,          , 0.2442      , 
testdfft  , 1632                                                      , 32   , 3.6385 , 1.0    ,       , 0.391 , 0.3745,           , 0.3686, 0.3113 , 0.3411    ,           , 0.4178   ,          , 0.2703      , 
testdfft  , 1664                                                      , 1    , 0.8119 , 1.0    ,       , 0.7073, 0.553 , 1.1536    , 0.7462, 0.3403 , 0.8514    ,           , 0.7853   ,          , 0.9927      , 
testdfft  , 1664                                                      , 32   , 0.8129 , 1.0    ,       , 0.151 , 0.1463,           , 0.1448, 0.1218 , 0.1388    ,           , 0.1559   ,          , 0.1106      , 
testdfft  , 18128                                                     , 1    , 0.9231 , 1.0    ,       , 1.029 , 0.8145, 0.5894    , 1.1581, 0.4673 , 1.1596    ,           , 1.52     ,          , 1.039       , 
testdfft  , 18128                                                     , 32   , 0.7903 , 1.0    ,       , 0.4121, 0.395 ,           , 0.4681, 0.3612 , 0.4481    ,           , 0.4397   ,          , 0.308       , 
testdfft  , 18256                                                     , 1    , 0.9233 , 1.0    ,       , 0.9789, 0.7019, 0.6343    , 1.1976, 0.4757 , 1.2352    ,           , 1.8367   ,          , 1.2025      , 
testdfft  , 18256                                                     , 32   , 0.7488 , 1.0    ,       , 0.8008, 0.7859,           , 0.7677, 0.9175 , 0.8765    ,           , 1.0209   ,          , 1.0523      , 
testdfft  , 1832                                                      , 1    , 0.7026 , 1.0    ,       , 0.2164, 0.1675, 0.9262    , 0.1802,        , 0.2311    ,           , 0.2165   ,          , 0.2526      , 
testdfft  , 1832                                                      , 32   , 0.8752 , 1.0    ,       ,       ,       ,           ,       ,        ,           ,           , 0.1017   ,          ,             , 
testdfft  , 1864                                                      , 1    , 0.9002 , 1.0    ,       , 0.7525, 0.597 , 0.9425    , 0.8144, 0.3634 , 0.9106    ,           , 0.8544   ,          , 1.0546      , 
testdfft  , 1864                                                      , 32   , 0.7818 , 1.0    ,       , 0.1569, 0.1482,           , 0.1518, 0.1281 , 0.14      ,           , 0.135    ,          , 0.1078      , 
testdfft  , 20120                                                     , 1    , 1.0188 , 1.0    ,       , 1.0288, 0.8286, 1.5802    , 1.2369, 1.4295 , 1.2447    ,           , 1.698    ,          , 1.527       , 
testdfft  , 20120                                                     , 32   , 1.1786 , 1.0    ,       , 0.6941, 0.6535,           , 0.7345, 0.5922 , 0.6884    ,           , 0.6658   ,          , 0.4927      , 
testdfft  , 20128                                                     , 1    , 0.9475 , 1.0    ,       , 1.0782, 0.8424, 0.9544    , 1.1484, 1.1711 , 1.1874    ,           , 1.5648   ,          , 1.2867      , 
testdfft  , 20128                                                     , 32   , 1.1447 , 1.0    ,       , 0.6228, 0.5979,           , 0.7327, 0.556  , 0.6767    ,           , 0.672    ,          , 0.452       , 
testdfft  , 20160                                                     , 1    , 1.0032 , 1.0    ,       , 1.052 , 0.8101, 1.3375    , 1.1595, 1.406  , 1.1637    ,           , 1.6442   ,          , 1.2915      , 
testdfft  , 20160                                                     , 32   , 0.9071 , 1.0    ,       , 0.7311, 0.7774,           , 0.7672, 0.7333 , 0.7808    ,           , 0.9793   ,          , 0.6897      , 
testdfft  , 20200                                                     , 1    , 1.0478 , 1.0    ,       , 1.1247, 0.9001, 1.6889    , 1.312 , 1.7314 , 1.3107    ,           , 1.9475   ,          , 1.7568      , 
testdfft  , 20200                                                     , 32   , 0.9542 , 1.0    ,       , 0.9259, 1.1224,           , 0.9499, 0.9942 , 1.0449    ,           , 1.3085   ,          , 1.044       , 
testdfft  , 20240                                                     , 1    , 1.0405 , 1.0    ,       , 1.122 , 0.7948, 1.5146    , 1.2508, 1.5824 , 1.2503    ,           , 1.7665   ,          , 1.3852      , 
testdfft  , 20240                                                     , 32   , 0.6976 , 1.0    ,       , 0.7283, 0.9291,           , 0.7364, 0.8405 , 0.8448    ,           , 0.9405   ,          , 0.9735      , 
testdfft  , 20256                                                     , 1    , 0.9305 , 1.0    ,       , 0.9712, 0.6754, 0.6674    , 1.182 , 0.4697 , 1.2062    ,           , 1.802    ,          , 1.3599      , 
testdfft  , 20256                                                     , 32   , 0.7561 , 1.0    ,       , 0.8155, 0.7881,           , 0.7851, 0.923  , 0.8937    ,           , 1.0455   ,          , 1.0827      , 
testdfft  , 2032                                                      , 1    , 0.6608 , 1.0    ,       , 0.2118, 0.1639, 0.9287    , 0.1813,        , 0.228     ,           , 0.2139   ,          , 0.2087      , 
testdfft  , 2032                                                      , 32   , 0.8208 , 1.0    ,       ,       ,       ,           ,       ,        ,           ,           , 0.1002   ,          ,             , 
testdfft  , 2064                                                      , 1    , 0.847  , 1.0    ,       , 0.7612, 0.4508, 0.5706    , 0.8211, 0.3535 , 0.9216    ,           , 0.8268   ,          , 1.0944      , 
testdfft  , 2064                                                      , 32   , 1.8794 , 1.0    ,       , 0.4404, 0.4262,           , 0.4447, 0.3587 , 0.3974    ,           , 0.4606   ,          , 0.2939      , 
xsbench   , -mevent-slarge-ghash                                      , 1    , 0.7692 , 1.0    , 0.4655,       ,       ,           ,       ,        ,           , 0.1062    ,          , 0.2766   ,             , 0.3545
xsbench   , -mevent-slarge-gnuclide                                   , 1    , 0.7833 , 1.0    , 0.6024,       ,       ,           ,       ,        ,           ,           ,          , 0.311    ,             , 0.4147
xsbench   , -mevent-slarge-gunionized                                 , 1    , 0.7498 , 1.0    , 1.3993,       ,       ,           , 0.1248,        , 0.1236    , 0.6145    ,          , 0.8159   ,             , 0.8962
xsbench   , -mevent-ssmall-ghash                                      , 1    , 0.9525 , 1.0    , 0.704 ,       ,       ,           ,       ,        ,           ,           ,          , 0.1814   ,             , 0.1692
xsbench   , -mevent-ssmall-gnuclide                                   , 1    , 0.701  , 1.0    , 0.6426,       ,       ,           ,       ,        ,           ,           ,          , 0.1375   ,             , 0.1478
xsbench   , -mevent-ssmall-gunionized                                 , 1    , 0.767  , 1.0    , 0.9733,       ,       ,           ,       ,        ,           , 0.1009    ,          , 0.3132   ,             , 0.3143
xsbench   , -mevent-sxl-ghash                                         , 1    , 0.9294 , 1.0    , 0.9703, 0.1355, 0.1136,           , 0.1911, 0.1092 , 0.1889    , 0.9276    , 0.1703   , 0.9574   , 0.1143      , 1.1336
xsbench   , -mevent-sxl-gnuclide                                      , 1    , 0.8642 , 1.0    , 0.9167,       ,       ,           ,       ,        ,           , 0.7678    ,          , 0.8857   ,             , 1.0868
xsbench   , -mevent-sxl-gunionized                                    , 1    , 0.8511 , 1.0    , 0.3701, 0.1413,       ,           , 0.2318, 0.1356 , 0.2312    ,           , 0.1824   ,          , 0.1643      , 0.2837
xsbench   , -mevent-sxxl-ghash                                        , 1    , 0.9344 , 1.0    , 0.9606, 0.2254, 0.189 ,           , 0.3022, 0.1813 , 0.3002    , 1.0533    , 0.2528   , 1.0002   , 0.1655      , 1.1233
xsbench   , -mevent-sxxl-gnuclide                                     , 1    , 0.8751 , 1.0    , 0.9201,       ,       ,           , 0.1057,        , 0.1054    , 0.945     ,          , 0.9466   ,             , 1.1294
xsbench   , -mevent-sxxl-gunionized                                   , 1    , 0.8732 , 1.0    ,       ,       ,       ,           ,       , 0.1793 , 0.2966    ,           , 0.2314   ,          , 0.2086      , 
xsbench   , -mhistory-slarge-ghash                                    , 1    , 1.1467 , 1.0    , 0.8016,       ,       ,           ,       ,        ,           ,           ,          ,          ,             , 
xsbench   , -mhistory-slarge-gnuclide                                 , 1    , 0.7842 , 1.0    , 0.8169,       ,       ,           ,       ,        ,           ,           ,          ,          ,             , 
xsbench   , -mhistory-slarge-gunionized                               , 1    , 0.7443 , 1.0    , 1.4216,       ,       ,           , 0.1258,        , 0.1243    ,           ,          ,          ,             , 
xsbench   , -mhistory-ssmall-ghash                                    , 1    , 1.0899 , 1.0    , 0.881 ,       ,       ,           ,       ,        ,           ,           ,          ,          ,             , 
xsbench   , -mhistory-ssmall-gnuclide                                 , 1    , 0.7497 , 1.0    , 0.7845,       ,       ,           ,       ,        ,           ,           ,          ,          ,             , 
xsbench   , -mhistory-ssmall-gunionized                               , 1    , 0.8017 , 1.0    , 1.146 ,       ,       ,           ,       ,        ,           ,           ,          ,          ,             , 
xsbench   , -mhistory-sxl-ghash                                       , 1    , 0.9293 , 1.0    , 0.9886, 0.1369, 0.1135,           , 0.1934, 0.1099 , 0.1916    ,           , 0.1742   ,          , 0.1161      , 
xsbench   , -mhistory-sxl-gnuclide                                    , 1    , 0.8953 , 1.0    , 0.9551,       ,       ,           ,       ,        ,           ,           ,          ,          ,             , 
xsbench   , -mhistory-sxl-gunionized                                  , 1    , 0.8428 , 1.0    , 0.3815, 0.1414,       ,           , 0.2325, 0.1358 , 0.2319    ,           , 0.1815   ,          , 0.1662      , 
xsbench   , -mhistory-sxxl-ghash                                      , 1    , 0.9196 , 1.0    , 0.9647, 0.2225, 0.1894,           , 0.3026, 0.1807 , 0.3024    ,           , 0.256    ,          , 0.1679      , 
xsbench   , -mhistory-sxxl-gnuclide                                   , 1    , 0.8598 , 1.0    , 0.932 ,       ,       ,           , 0.1059,        , 0.1052    ,           ,          ,          ,             , 
xsbench   , -mhistory-sxxl-gunionized                                 , 1    , 0.8788 , 1.0    , 0.8983,       ,       ,           ,       , 0.1769 , 0.2952    ,           , 0.2309   ,          , 0.2079      , 
kripke.exe, --niter10--pmethodbj--groups16--legendre0                 , 1    , 2.489  , 5.6179 , 1.0   ,       ,       ,           ,       ,        ,           ,           ,          ,          ,             , 
kripke.exe, --niter10--pmethodbj--groups16--legendre1                 , 1    , 1.9522 , 4.3295 , 1.0   ,       ,       ,           ,       ,        ,           ,           ,          ,          ,             , 
kripke.exe, --niter10--pmethodbj--groups16--legendre2                 , 1    , 1.6213 , 3.4213 , 1.0   ,       ,       ,           ,       ,        ,           ,           ,          ,          ,             , 
kripke.exe, --niter10--pmethodbj--groups16--legendre3                 , 1    , 1.219  , 2.6151 , 1.0   ,       ,       ,           ,       ,        ,           ,           ,          ,          ,             , 
kripke.exe, --niter10--pmethodbj--groups16--legendre4                 , 1    , 0.8222 , 1.7667 , 1.0   ,       ,       ,           ,       ,        ,           ,           ,          ,          ,             , 
kripke.exe, --niter10--pmethodbj--groups32--legendre0                 , 1    , 2.1618 , 4.8256 , 1.0   ,       ,       ,           ,       ,        ,           ,           ,          ,          ,             , 
kripke.exe, --niter10--pmethodbj--groups32--legendre1                 , 1    , 1.7358 , 3.6901 , 1.0   ,       ,       ,           ,       ,        ,           ,           ,          ,          ,             , 
kripke.exe, --niter10--pmethodbj--groups32--legendre2                 , 1    , 1.2073 , 2.4244 , 1.0   ,       ,       ,           ,       ,        ,           ,           ,          ,          ,             , 0.1012
kripke.exe, --niter10--pmethodbj--groups32--legendre3                 , 1    , 0.7153 , 1.4786 , 1.0   ,       ,       ,           ,       ,        ,           ,           ,          ,          ,             , 
kripke.exe, --niter10--pmethodbj--groups32--legendre4                 , 1    , 0.5698 , 1.1626 , 1.0   ,       ,       ,           ,       ,        ,           ,           ,          ,          ,             , 
kripke.exe, --niter10--pmethodbj--groups8--legendre0                  , 1    , 4.5316 , 9.3336 , 1.0   ,       ,       ,           ,       ,        ,           ,           ,          ,          ,             , 
kripke.exe, --niter10--pmethodbj--groups8--legendre1                  , 1    , 3.6955 , 8.0126 , 1.0   ,       ,       ,           ,       ,        ,           ,           ,          ,          ,             , 
kripke.exe, --niter10--pmethodbj--groups8--legendre2                  , 1    , 2.7163 , 5.5203 , 1.0   ,       ,       ,           ,       ,        ,           ,           ,          ,          ,             , 
kripke.exe, --niter10--pmethodbj--groups8--legendre3                  , 1    , 1.8462 , 3.8452 , 1.0   ,       ,       ,           ,       ,        ,           ,           ,          ,          ,             , 
kripke.exe, --niter10--pmethodbj--groups8--legendre4                  , 1    , 1.5933 , 3.2769 , 1.0   ,       ,       ,           ,       ,        ,           ,           ,          ,          ,             , 
kripke.exe, --niter10--pmethodsweep--groups16--legendre0              , 1    , 2.3401 , 5.4698 , 1.0   ,       ,       ,           ,       ,        ,           ,           ,          ,          ,             , 
kripke.exe, --niter10--pmethodsweep--groups16--legendre1              , 1    , 1.7956 , 3.8665 , 1.0   ,       ,       ,           ,       ,        ,           ,           ,          ,          ,             , 
kripke.exe, --niter10--pmethodsweep--groups16--legendre2              , 1    , 1.3082 , 2.8638 , 1.0   ,       ,       ,           ,       ,        ,           ,           ,          ,          ,             , 
kripke.exe, --niter10--pmethodsweep--groups16--legendre3              , 1    , 1.1668 , 2.5064 , 1.0   ,       ,       ,           ,       ,        ,           ,           ,          ,          ,             , 
kripke.exe, --niter10--pmethodsweep--groups16--legendre4              , 1    , 0.6893 , 1.4879 , 1.0   ,       ,       ,           ,       ,        ,           ,           ,          ,          ,             , 
kripke.exe, --niter10--pmethodsweep--groups32--legendre0              , 1    , 1.4053 , 3.2321 , 1.0   ,       ,       ,           ,       ,        ,           ,           ,          ,          ,             , 
kripke.exe, --niter10--pmethodsweep--groups32--legendre1              , 1    , 0.8765 , 1.8627 , 1.0   ,       ,       ,           ,       ,        ,           ,           ,          ,          ,             , 
kripke.exe, --niter10--pmethodsweep--groups32--legendre2              , 1    , 0.7005 , 1.4638 , 1.0   ,       ,       ,           ,       ,        ,           ,           ,          ,          ,             , 
kripke.exe, --niter10--pmethodsweep--groups32--legendre3              , 1    , 0.554  , 1.1238 , 1.0   ,       ,       ,           ,       ,        ,           ,           ,          ,          ,             , 
kripke.exe, --niter10--pmethodsweep--groups32--legendre4              , 1    , 0.4143 , 0.8533 , 1.0   ,       ,       ,           ,       ,        ,           ,           ,          ,          ,             , 
kripke.exe, --niter10--pmethodsweep--groups8--legendre0               , 1    , 4.1948 , 7.8915 , 1.0   ,       ,       ,           ,       ,        ,           ,           ,          ,          ,             , 
kripke.exe, --niter10--pmethodsweep--groups8--legendre1               , 1    , 3.2984 , 6.8485 , 1.0   ,       ,       ,           ,       ,        ,           ,           ,          ,          ,             , 
kripke.exe, --niter10--pmethodsweep--groups8--legendre2               , 1    , 2.5177 , 5.3304 , 1.0   ,       ,       ,           ,       ,        ,           ,           ,          ,          ,             , 
kripke.exe, --niter10--pmethodsweep--groups8--legendre3               , 1    , 1.654  , 3.5082 , 1.0   ,       ,       ,           ,       ,        ,           ,           ,          ,          ,             , 
kripke.exe, --niter10--pmethodsweep--groups8--legendre4               , 1    , 1.3432 , 2.9964 , 1.0   ,       ,       ,           ,       ,        ,           ,           ,          ,          ,             , 
kripke.exe, --niter15--pmethodbj--groups16--legendre0                 , 1    , 2.5714 , 5.7827 , 1.0   ,       ,       ,           ,       ,        ,           ,           ,          ,          ,             , 
kripke.exe, --niter15--pmethodbj--groups16--legendre1                 , 1    , 1.9432 , 4.016  , 1.0   ,       ,       ,           ,       ,        ,           ,           ,          ,          ,             , 
kripke.exe, --niter15--pmethodbj--groups16--legendre2                 , 1    , 1.4587 , 3.1207 , 1.0   ,       ,       ,           ,       ,        ,           ,           ,          ,          ,             , 
kripke.exe, --niter15--pmethodbj--groups16--legendre3                 , 1    , 1.0823 , 2.3618 , 1.0   ,       ,       ,           ,       ,        ,           ,           ,          ,          ,             , 
kripke.exe, --niter15--pmethodbj--groups16--legendre4                 , 1    , 0.7332 , 1.5513 , 1.0   ,       ,       ,           ,       ,        ,           ,           ,          ,          ,             , 
kripke.exe, --niter15--pmethodbj--groups32--legendre0                 , 1    , 1.7574 , 3.7825 , 1.0   ,       ,       ,           ,       ,        ,           ,           ,          ,          ,             , 0.1031
kripke.exe, --niter15--pmethodbj--groups32--legendre1                 , 1    , 1.3305 , 2.8271 , 1.0   ,       ,       ,           ,       ,        ,           ,           ,          ,          ,             , 0.1091
kripke.exe, --niter15--pmethodbj--groups32--legendre2                 , 1    , 0.9374 , 1.956  , 1.0   ,       ,       ,           ,       ,        ,           ,           ,          ,          ,             , 0.1086
kripke.exe, --niter15--pmethodbj--groups32--legendre3                 , 1    , 0.6966 , 1.3927 , 1.0   ,       ,       ,           ,       ,        ,           ,           ,          ,          ,             , 
kripke.exe, --niter15--pmethodbj--groups32--legendre4                 , 1    , 0.5181 , 1.0403 , 1.0   ,       ,       ,           ,       ,        ,           ,           ,          ,          ,             , 
kripke.exe, --niter15--pmethodbj--groups8--legendre0                  , 1    , 3.279  , 7.5666 , 1.0   ,       ,       ,           ,       ,        ,           ,           ,          ,          ,             , 
kripke.exe, --niter15--pmethodbj--groups8--legendre1                  , 1    , 2.7452 , 5.4707 , 1.0   ,       ,       ,           ,       ,        ,           ,           ,          ,          ,             , 
kripke.exe, --niter15--pmethodbj--groups8--legendre2                  , 1    , 2.0245 , 4.7177 , 1.0   ,       ,       ,           ,       ,        ,           ,           ,          ,          ,             , 
kripke.exe, --niter15--pmethodbj--groups8--legendre3                  , 1    , 1.7055 , 3.8844 , 1.0   ,       ,       ,           ,       ,        ,           ,           ,          ,          ,             , 
kripke.exe, --niter15--pmethodbj--groups8--legendre4                  , 1    , 1.5097 , 3.1115 , 1.0   ,       ,       ,           ,       ,        ,           ,           ,          ,          ,             , 
kripke.exe, --niter15--pmethodsweep--groups16--legendre0              , 1    , 2.007  , 4.5871 , 1.0   ,       ,       ,           ,       ,        ,           ,           ,          ,          ,             , 
kripke.exe, --niter15--pmethodsweep--groups16--legendre1              , 1    , 1.488  , 3.0711 , 1.0   ,       ,       ,           ,       ,        ,           ,           ,          ,          ,             , 
kripke.exe, --niter15--pmethodsweep--groups16--legendre2              , 1    , 1.0762 , 2.3072 , 1.0   ,       ,       ,           ,       ,        ,           ,           ,          ,          ,             , 
kripke.exe, --niter15--pmethodsweep--groups16--legendre3              , 1    , 0.738  , 1.6038 , 1.0   ,       ,       ,           ,       ,        ,           ,           ,          ,          ,             , 
kripke.exe, --niter15--pmethodsweep--groups16--legendre4              , 1    , 0.4645 , 0.9839 , 1.0   ,       ,       ,           ,       ,        ,           ,           ,          ,          ,             , 
kripke.exe, --niter15--pmethodsweep--groups32--legendre0              , 1    , 1.125  , 2.543  , 1.0   ,       ,       ,           ,       ,        ,           ,           ,          ,          ,             , 
kripke.exe, --niter15--pmethodsweep--groups32--legendre1              , 1    , 0.8925 , 1.8825 , 1.0   ,       ,       ,           ,       ,        ,           ,           ,          ,          ,             , 
kripke.exe, --niter15--pmethodsweep--groups32--legendre2              , 1    , 0.6518 , 1.4078 , 1.0   ,       ,       ,           ,       ,        ,           ,           ,          ,          ,             , 
kripke.exe, --niter15--pmethodsweep--groups32--legendre3              , 1    , 0.5138 , 1.071  , 1.0   ,       ,       ,           ,       ,        ,           ,           ,          ,          ,             , 
kripke.exe, --niter15--pmethodsweep--groups32--legendre4              , 1    , 0.3127 , 0.6416 , 1.0   ,       ,       ,           ,       ,        ,           ,           ,          ,          ,             , 
kripke.exe, --niter15--pmethodsweep--groups8--legendre0               , 1    , 3.6445 , 8.907  , 1.0   ,       ,       ,           ,       ,        ,           ,           ,          ,          ,             , 
kripke.exe, --niter15--pmethodsweep--groups8--legendre1               , 1    , 2.3415 , 5.0696 , 1.0   ,       ,       ,           ,       ,        ,           ,           ,          ,          ,             , 
kripke.exe, --niter15--pmethodsweep--groups8--legendre2               , 1    , 1.5269 , 3.3444 , 1.0   ,       ,       ,           ,       ,        ,           ,           ,          ,          ,             , 
kripke.exe, --niter15--pmethodsweep--groups8--legendre3               , 1    , 1.4116 , 2.8932 , 1.0   ,       ,       ,           ,       ,        ,           ,           ,          ,          ,             , 
kripke.exe, --niter15--pmethodsweep--groups8--legendre4               , 1    , 1.0846 , 2.2464 , 1.0   ,       ,       ,           ,       ,        ,           ,           ,          ,          ,             , 
kripke.exe, --niter40--pmethodsweep--groups16--legendre0              , 1    , 1.3027 , 3.0614 , 1.0   ,       ,       ,           ,       ,        ,           ,           ,          ,          ,             , 
kripke.exe, --niter40--pmethodsweep--groups16--legendre1              , 1    , 0.9377 , 1.0185 , 1.0   ,       ,       ,           ,       ,        ,           ,           ,          ,          ,             , 
kripke.exe, --niter40--pmethodsweep--groups16--legendre2              , 1    , 0.7233 , 1.5526 , 1.0   ,       ,       ,           ,       ,        ,           ,           ,          ,          ,             , 
kripke.exe, --niter40--pmethodsweep--groups16--legendre3              , 1    , 0.5817 , 1.2417 , 1.0   ,       ,       ,           ,       ,        ,           ,           ,          ,          ,             , 
kripke.exe, --niter40--pmethodsweep--groups16--legendre4              , 1    , 0.4871 , 1.0382 , 1.0   ,       ,       ,           ,       ,        ,           ,           ,          ,          ,             , 0.1224
kripke.exe, --niter40--pmethodsweep--groups32--legendre0              , 1    , 0.9204 , 2.043  , 1.0   ,       ,       ,           ,       ,        ,           ,           ,          ,          ,             , 0.127
kripke.exe, --niter40--pmethodsweep--groups32--legendre1              , 1    , 0.7396 , 1.5508 , 1.0   ,       ,       ,           ,       ,        ,           ,           ,          ,          ,             , 0.1309
kripke.exe, --niter40--pmethodsweep--groups32--legendre2              , 1    , 0.4985 , 1.0459 , 1.0   ,       ,       ,           ,       ,        ,           ,           ,          ,          ,             , 0.1418
kripke.exe, --niter40--pmethodsweep--groups32--legendre3              , 1    , 0.3587 , 0.741  , 1.0   ,       ,       ,           ,       ,        ,           ,           ,          ,          ,             , 0.1141
kripke.exe, --niter40--pmethodsweep--groups32--legendre4              , 1    , 0.2631 , 0.5243 , 1.0   ,       ,       ,           ,       ,        ,           ,           ,          ,          ,             , 0.136
kripke.exe, --niter40--pmethodsweep--groups8--legendre0               , 1    , 2.1639 , 4.8194 , 1.0   ,       ,       ,           ,       ,        ,           ,           ,          ,          ,             , 
kripke.exe, --niter40--pmethodsweep--groups8--legendre1               , 1    , 1.7393 , 3.7347 , 1.0   ,       ,       ,           ,       ,        ,           ,           ,          ,          ,             , 
kripke.exe, --niter40--pmethodsweep--groups8--legendre2               , 1    , 1.4559 , 3.1157 , 1.0   ,       ,       ,           ,       ,        ,           ,           ,          ,          ,             , 
kripke.exe, --niter40--pmethodsweep--groups8--legendre3               , 1    , 0.9974 , 2.1749 , 1.0   ,       ,       ,           ,       ,        ,           ,           ,          ,          ,             , 
kripke.exe, --niter40--pmethodsweep--groups8--legendre4               , 1    , 0.786  , 1.6934 , 1.0   ,       ,       ,           ,       ,        ,           ,           ,          ,          ,             , 
kripke.exe, --niter5--pmethodbj--groups16--legendre0                  , 1    , 3.0841 , 7.0301 , 1.0   ,       ,       ,           ,       ,        ,           ,           ,          ,          ,             , 
kripke.exe, --niter5--pmethodbj--groups16--legendre1                  , 1    , 1.6245 , 6.4318 , 1.0   ,       ,       ,           ,       ,        ,           ,           ,          ,          ,             , 
kripke.exe, --niter5--pmethodbj--groups16--legendre2                  , 1    , 2.1698 , 4.6048 , 1.0   ,       ,       ,           ,       ,        ,           ,           ,          ,          ,             , 
kripke.exe, --niter5--pmethodbj--groups16--legendre3                  , 1    , 1.7965 , 3.7662 , 1.0   ,       ,       ,           ,       ,        ,           ,           ,          ,          ,             , 
kripke.exe, --niter5--pmethodbj--groups16--legendre4                  , 1    , 1.05   , 2.2449 , 1.0   ,       ,       ,           ,       ,        ,           ,           ,          ,          ,             , 
kripke.exe, --niter5--pmethodbj--groups32--legendre0                  , 1    , 2.5744 , 5.5271 , 1.0   ,       ,       ,           ,       ,        ,           ,           ,          ,          ,             , 
kripke.exe, --niter5--pmethodbj--groups32--legendre1                  , 1    , 1.7846 , 3.7841 , 1.0   ,       ,       ,           ,       ,        ,           ,           ,          ,          ,             , 
kripke.exe, --niter5--pmethodbj--groups32--legendre2                  , 1    , 1.181  , 2.4611 , 1.0   ,       ,       ,           ,       ,        ,           ,           ,          ,          ,             , 
kripke.exe, --niter5--pmethodbj--groups32--legendre3                  , 1    , 1.0097 , 2.0801 , 1.0   ,       ,       ,           ,       ,        ,           ,           ,          ,          ,             , 
kripke.exe, --niter5--pmethodbj--groups32--legendre4                  , 1    , 0.7429 , 1.5012 , 1.0   ,       ,       ,           ,       ,        ,           ,           ,          ,          ,             , 
kripke.exe, --niter5--pmethodbj--groups8--legendre0                   , 1    , 5.3715 , 11.002 , 1.0   ,       ,       ,           ,       ,        ,           ,           ,          ,          ,             , 
kripke.exe, --niter5--pmethodbj--groups8--legendre1                   , 1    , 5.019  , 10.3715, 1.0   ,       ,       ,           ,       ,        ,           ,           ,          ,          ,             , 
kripke.exe, --niter5--pmethodbj--groups8--legendre2                   , 1    , 3.0121 , 5.885  , 1.0   ,       ,       ,           ,       ,        ,           ,           ,          ,          ,             , 
kripke.exe, --niter5--pmethodbj--groups8--legendre3                   , 1    , 3.3615 , 6.3134 , 1.0   ,       ,       ,           ,       ,        ,           ,           ,          ,          ,             , 
kripke.exe, --niter5--pmethodbj--groups8--legendre4                   , 1    , 2.487  , 5.1633 , 1.0   ,       ,       ,           ,       ,        ,           ,           ,          ,          ,             , 
kripke.exe, --niter5--pmethodsweep--groups16--legendre0               , 1    , 3.471  , 7.5934 , 1.0   ,       ,       ,           ,       ,        ,           ,           ,          ,          ,             , 
kripke.exe, --niter5--pmethodsweep--groups16--legendre1               , 1    , 2.0928 , 4.3678 , 1.0   ,       ,       ,           ,       ,        ,           ,           ,          ,          ,             , 
kripke.exe, --niter5--pmethodsweep--groups16--legendre2               , 1    , 1.6919 , 3.5036 , 1.0   ,       ,       ,           ,       ,        ,           ,           ,          ,          ,             , 
kripke.exe, --niter5--pmethodsweep--groups16--legendre3               , 1    , 1.2659 , 2.7331 , 1.0   ,       ,       ,           ,       ,        ,           ,           ,          ,          ,             , 
kripke.exe, --niter5--pmethodsweep--groups16--legendre4               , 1    , 0.968  , 2.0388 , 1.0   ,       ,       ,           ,       ,        ,           ,           ,          ,          ,             , 
kripke.exe, --niter5--pmethodsweep--groups32--legendre0               , 1    , 1.7792 , 3.8687 , 1.0   ,       ,       ,           ,       ,        ,           ,           ,          ,          ,             , 
kripke.exe, --niter5--pmethodsweep--groups32--legendre1               , 1    , 1.4175 , 3.0582 , 1.0   ,       ,       ,           ,       ,        ,           ,           ,          ,          ,             , 
kripke.exe, --niter5--pmethodsweep--groups32--legendre2               , 1    , 0.8663 , 1.8274 , 1.0   ,       ,       ,           ,       ,        ,           ,           ,          ,          ,             , 
kripke.exe, --niter5--pmethodsweep--groups32--legendre3               , 1    , 0.3906 , 1.6607 , 1.0   ,       ,       ,           ,       ,        ,           ,           ,          ,          ,             , 
kripke.exe, --niter5--pmethodsweep--groups32--legendre4               , 1    , 0.5767 , 1.1847 , 1.0   ,       ,       ,           ,       ,        ,           ,           ,          ,          ,             , 
kripke.exe, --niter5--pmethodsweep--groups8--legendre0                , 1    , 4.9345 , 10.9791, 1.0   ,       ,       ,           ,       ,        ,           ,           ,          ,          ,             , 
kripke.exe, --niter5--pmethodsweep--groups8--legendre1                , 1    , 4.6794 , 10.1963, 1.0   ,       ,       ,           ,       ,        ,           ,           ,          ,          ,             , 
kripke.exe, --niter5--pmethodsweep--groups8--legendre2                , 1    , 3.1303 , 6.6595 , 1.0   ,       ,       ,           ,       ,        ,           ,           ,          ,          ,             , 
kripke.exe, --niter5--pmethodsweep--groups8--legendre3                , 1    , 2.6361 , 5.6527 , 1.0   ,       ,       ,           ,       ,        ,           ,           ,          ,          ,             , 
kripke.exe, --niter5--pmethodsweep--groups8--legendre4                , 1    , 1.5096 , 3.1668 , 1.0   ,       ,       ,           ,       ,        ,           ,           ,          ,          ,             , 
minife.x  , -nx100-ny100-nz100                                        , 1    , 0.7523 ,        , 1.0   , 0.4153, 0.2856, 0.4948    , 0.6053,        , 0.5651    ,           , 0.5476   ,          , 0.5521      , 
minife.x  , -nx100-ny100-nz50                                         , 1    , 0.6783 ,        , 1.0   , 0.3942, 0.2971, 0.5177    , 0.5472,        , 0.5029    ,           , 0.53     ,          , 0.5299      , 
minife.x  , -nx100-ny50-nz50                                          , 1    , 0.6827 ,        , 1.0   , 0.3835, 0.2824, 0.4904    , 0.4569,        , 0.5209    ,           , 0.5032   ,          , 0.4742      , 
minife.x  , -nx100-ny75-nz50                                          , 1    , 0.7455 ,        , 1.0   , 0.4   , 0.2934, 0.4821    , 0.5353,        , 0.53      ,           , 0.5238   ,          , 0.4902      , 
minife.x  , -nx100-ny75-nz75                                          , 1    , 0.7513 ,        , 1.0   , 0.3836, 0.2825, 0.4855    , 0.5919,        , 0.5474    ,           , 0.5302   ,          , 0.5243      , 
minife.x  , -nx125-ny100-nz100                                        , 1    , 0.7658 ,        , 1.0   , 0.4107, 0.301 , 0.4789    , 0.5959,        , 0.5588    ,           , 0.5393   ,          , 0.5424      , 
minife.x  , -nx125-ny100-nz50                                         , 1    , 0.7441 ,        , 1.0   , 0.4151, 0.3033, 0.4914    , 0.5516,        , 0.5648    ,           , 0.5332   ,          , 0.5504      , 
minife.x  , -nx125-ny125-nz125                                        , 1    , 0.7469 ,        , 1.0   , 0.4086, 0.2826, 0.4725    , 0.6127,        , 0.5572    ,           , 0.5269   ,          , 0.5734      , 
minife.x  , -nx125-ny125-nz50                                         , 1    , 0.718  ,        , 1.0   , 0.4023, 0.2875, 0.4995    , 0.5815,        , 0.5496    ,           , 0.5314   ,          , 0.5506      , 
minife.x  , -nx125-ny50-nz50                                          , 1    , 0.7333 ,        , 1.0   , 0.3795, 0.289 , 0.4839    , 0.5416,        , 0.527     ,           , 0.5167   ,          , 0.4971      , 
minife.x  , -nx125-ny75-nz50                                          , 1    , 0.7503 ,        , 1.0   , 0.3925, 0.2822, 0.4937    , 0.5789,        , 0.5521    ,           , 0.5296   ,          , 0.5622      , 
minife.x  , -nx125-ny75-nz75                                          , 1    , 0.7193 ,        , 1.0   , 0.4019, 0.2982, 0.4802    , 0.5518,        , 0.5556    ,           , 0.5385   ,          , 0.5638      , 
minife.x  , -nx150-ny100-nz100                                        , 1    , 0.7431 ,        , 1.0   , 0.4125, 0.2979, 0.4842    , 0.6086,        , 0.5603    ,           , 0.5359   ,          , 0.497       , 
minife.x  , -nx150-ny100-nz50                                         , 1    , 0.7787 ,        , 1.0   , 0.4149, 0.3059, 0.4937    , 0.6   ,        , 0.5684    ,           , 0.5534   ,          , 0.5414      , 
minife.x  , -nx150-ny125-nz125                                        , 1    , 0.7418 ,        , 1.0   , 0.4093, 0.3006, 0.488     , 0.6141,        , 0.567     ,           , 0.5278   ,          , 0.543       , 
minife.x  , -nx150-ny125-nz50                                         , 1    , 0.7616 ,        , 1.0   , 0.4094, 0.3004, 0.487     , 0.6052,        , 0.5569    ,           , 0.5355   ,          , 0.5626      , 
minife.x  , -nx150-ny150-nz150                                        , 1    , 0.7245 ,        , 1.0   , 0.402 , 0.2985, 0.4797    , 0.6175,        , 0.5677    ,           , 0.5281   ,          , 0.646       , 
minife.x  , -nx150-ny150-nz50                                         , 1    , 0.7318 ,        , 1.0   , 0.4089, 0.3007, 0.4899    , 0.598 ,        , 0.5655    ,           , 0.5283   ,          , 0.5614      , 
minife.x  , -nx150-ny50-nz50                                          , 1    , 0.7514 ,        , 1.0   , 0.386 , 0.2821, 0.4928    , 0.4982,        , 0.535     ,           , 0.5167   ,          , 0.4974      , 
minife.x  , -nx150-ny75-nz50                                          , 1    , 0.7725 ,        , 1.0   , 0.4002, 0.3009, 0.4971    , 0.5685,        , 0.5504    ,           , 0.5319   ,          , 0.5367      , 
minife.x  , -nx150-ny75-nz75                                          , 1    , 0.7661 ,        , 1.0   , 0.4112, 0.283 , 0.4819    , 0.6002,        , 0.5593    ,           , 0.5367   ,          , 0.5502      , 
minife.x  , -nx175-ny100-nz100                                        , 1    , 0.7581 ,        , 1.0   , 0.4134, 0.3022, 0.4839    , 0.6126,        , 0.5586    ,           , 0.536    ,          , 0.6397      , 
minife.x  , -nx175-ny100-nz50                                         , 1    , 0.7675 ,        , 1.0   , 0.4047, 0.3007, 0.4919    , 0.5998,        , 0.5488    ,           , 0.5369   ,          , 0.6106      , 
minife.x  , -nx175-ny125-nz125                                        , 1    , 0.7477 ,        , 1.0   , 0.4149, 0.2906, 0.4849    , 0.626 ,        , 0.5733    ,           , 0.5457   ,          , 0.6263      , 
minife.x  , -nx175-ny125-nz50                                         , 1    , 0.7689 ,        , 1.0   , 0.4157, 0.3012, 0.4813    , 0.6017,        , 0.5662    ,           , 0.5394   ,          , 0.5864      , 
minife.x  , -nx175-ny150-nz150                                        , 1    , 0.7493 ,        , 1.0   , 0.4124, 0.3053, 0.4939    , 0.6348,        , 0.5832    ,           , 0.5365   ,          , 0.6704      , 
minife.x  , -nx175-ny150-nz50                                         , 1    , 0.7385 ,        , 1.0   , 0.4121, 0.2882, 0.4846    , 0.6057,        , 0.5626    ,           , 0.5343   ,          , 0.6093      , 
minife.x  , -nx175-ny175-nz175                                        , 1    , 0.7375 ,        , 1.0   , 0.4095, 0.2873, 0.4827    , 0.6374,        , 0.5765    ,           , 0.5376   ,          , 0.6364      , 
minife.x  , -nx175-ny175-nz50                                         , 1    , 0.7344 ,        , 1.0   , 0.4016, 0.3046, 0.4783    , 0.6137,        , 0.5675    ,           , 0.5348   ,          , 0.6655      , 
minife.x  , -nx175-ny50-nz50                                          , 1    , 0.7621 ,        , 1.0   , 0.3898, 0.2936, 0.4948    , 0.5656,        , 0.5412    ,           , 0.5221   ,          , 0.595       , 
minife.x  , -nx175-ny75-nz50                                          , 1    , 0.7641 ,        , 1.0   , 0.4098, 0.3036, 0.4884    , 0.5746,        , 0.5415    ,           , 0.534    ,          , 0.6072      , 
minife.x  , -nx175-ny75-nz75                                          , 1    , 0.7556 ,        , 1.0   , 0.4104, 0.3044, 0.4836    , 0.5904,        , 0.5575    ,           , 0.5379   ,          , 0.6162      , 
minife.x  , -nx200-ny100-nz100                                        , 1    , 0.7367 ,        , 1.0   , 0.41  , 0.2991, 0.4788    , 0.6131,        , 0.5602    ,           , 0.5321   ,          , 0.5498      , 
minife.x  , -nx200-ny100-nz50                                         , 1    , 0.763  ,        , 1.0   , 0.4106, 0.2991, 0.4981    , 0.582 ,        , 0.5545    ,           , 0.5309   ,          , 0.5429      , 
minife.x  , -nx200-ny125-nz125                                        , 1    , 0.7383 ,        , 1.0   , 0.4059, 0.2993, 0.4781    , 0.6196,        , 0.568     ,           , 0.5337   ,          , 0.5608      , 
minife.x  , -nx200-ny125-nz50                                         , 1    , 0.7311 ,        , 1.0   , 0.4079, 0.2814, 0.4771    , 0.6023,        , 0.5518    ,           , 0.5268   ,          , 0.538       , 
minife.x  , -nx200-ny150-nz150                                        , 1    , 0.7553 ,        , 1.0   , 0.4225, 0.2993, 0.4957    , 0.6485,        , 0.5915    ,           , 0.5533   ,          , 0.6469      , 
minife.x  , -nx200-ny150-nz50                                         , 1    , 0.7349 ,        , 1.0   , 0.4072, 0.3024, 0.4797    , 0.6078,        , 0.5573    ,           , 0.5251   ,          , 0.598       , 
minife.x  , -nx200-ny175-nz175                                        , 1    , 0.7287 ,        , 1.0   , 0.4035, 0.2998, 0.4811    , 0.6324,        , 0.5745    ,           , 0.5277   ,          , 0.6226      , 
minife.x  , -nx200-ny175-nz50                                         , 1    , 0.7525 ,        , 1.0   , 0.4119, 0.3026, 0.486     , 0.61  ,        , 0.5687    ,           , 0.5321   ,          , 0.6091      , 
minife.x  , -nx200-ny200-nz200                                        , 1    , 0.7081 ,        , 1.0   , 0.416 , 0.3048, 0.4909    , 0.652 ,        , 0.5872    ,           , 0.5421   ,          , 0.64        , 
minife.x  , -nx200-ny200-nz50                                         , 1    , 0.7211 ,        , 1.0   , 0.4069, 0.2988, 0.4835    , 0.6108,        , 0.5507    ,           , 0.5268   ,          , 0.5719      , 
minife.x  , -nx200-ny50-nz50                                          , 1    , 0.7689 ,        , 1.0   , 0.3979, 0.279 , 0.4952    , 0.5531,        , 0.5337    ,           , 0.5346   ,          , 0.4981      , 
minife.x  , -nx200-ny75-nz50                                          , 1    , 0.717  ,        , 1.0   , 0.4075, 0.2889, 0.4979    , 0.6006,        , 0.5581    ,           , 0.53     ,          , 0.5497      , 
minife.x  , -nx200-ny75-nz75                                          , 1    , 0.7572 ,        , 1.0   , 0.4116, 0.2994, 0.4786    , 0.605 ,        , 0.5552    ,           , 0.5389   ,          , 0.5499      , 
minife.x  , -nx50-ny50-nz50                                           , 1    , 0.7846 , 0.8343 , 1.0   , 0.3755, 0.2709, 0.5046    , 0.4274,        , 0.492     ,           , 0.4581   ,          , 0.4973      , 
minife.x  , -nx75-ny50-nz50                                           , 1    , 0.7581 , 0.8661 , 1.0   , 0.3791, 0.2746, 0.4923    , 0.4395,        , 0.507     ,           , 0.486    ,          , 0.5194      , 
minife.x  , -nx75-ny75-nz50                                           , 1    , 0.7396 ,        , 1.0   , 0.3844, 0.2706, 0.4862    , 0.4869,        , 0.5272    ,           , 0.5028   ,          , 0.5368      , 
minife.x  , -nx75-ny75-nz75                                           , 1    , 0.7647 ,        , 1.0   , 0.392 , 0.2907, 0.4936    , 0.5728,        , 0.5311    ,           , 0.526    ,          , 0.548       , 
xsbench   , -mevent-slarge-ghash                                      , 1    , 1.6526 , 2.1483 , 1.0   ,       ,       ,           ,       ,        ,           , 0.2281    ,          , 0.5943   ,             , 0.7617
xsbench   , -mevent-slarge-gnuclide                                   , 1    , 1.3004 , 1.6601 , 1.0   ,       ,       ,           ,       ,        ,           , 0.1201    ,          , 0.5163   ,             , 0.6885
xsbench   , -mevent-slarge-gunionized                                 , 1    , 0.5358 , 0.7146 , 1.0   ,       ,       ,           ,       ,        ,           , 0.4391    ,          , 0.5831   ,             , 0.6405
xsbench   , -mevent-ssmall-ghash                                      , 1    , 1.353  , 1.4204 , 1.0   ,       ,       ,           ,       ,        ,           ,           ,          , 0.2577   ,             , 0.2403
xsbench   , -mevent-ssmall-gnuclide                                   , 1    , 1.0909 , 1.5561 , 1.0   ,       ,       ,           ,       ,        ,           ,           ,          , 0.214    ,             , 0.2299
xsbench   , -mevent-ssmall-gunionized                                 , 1    , 0.788  , 1.0274 , 1.0   ,       ,       ,           ,       ,        ,           , 0.1037    ,          , 0.3218   ,             , 0.323
xsbench   , -mevent-sxl-ghash                                         , 1    , 0.9579 , 1.0307 , 1.0   , 0.1397, 0.117 ,           , 0.1969, 0.1126 , 0.1947    , 0.9561    , 0.1755   , 0.9867   , 0.1178      , 1.1684
xsbench   , -mevent-sxl-gnuclide                                      , 1    , 0.9428 , 1.0909 , 1.0   ,       ,       ,           ,       ,        ,           , 0.8375    ,          , 0.9662   ,             , 1.1856
xsbench   , -mevent-sxl-gunionized                                    , 1    , 2.2998 , 2.7021 , 1.0   , 0.3817, 0.255 ,           , 0.6264, 0.3663 , 0.6247    ,           , 0.4927   ,          , 0.4438      , 0.7665
xsbench   , -mevent-sxxl-ghash                                        , 1    , 0.9727 , 1.041  , 1.0   , 0.2346, 0.1968,           , 0.3146, 0.1887 , 0.3125    , 1.0965    , 0.2632   , 1.0412   , 0.1723      , 1.1694
xsbench   , -mevent-sxxl-gnuclide                                     , 1    , 0.9512 , 1.0869 , 1.0   ,       ,       ,           , 0.1149,        , 0.1146    , 1.0271    , 0.1008   , 1.0288   ,             , 1.2275
xsbench   , -mhistory-slarge-ghash                                    , 1    , 1.4305 , 1.2476 , 1.0   ,       ,       ,           ,       ,        ,           ,           ,          ,          ,             , 
xsbench   , -mhistory-slarge-gnuclide                                 , 1    , 0.96   , 1.2241 , 1.0   ,       ,       ,           ,       ,        ,           ,           ,          ,          ,             , 
xsbench   , -mhistory-slarge-gunionized                               , 1    , 0.5236 , 0.7034 , 1.0   ,       ,       ,           ,       ,        ,           ,           ,          ,          ,             , 
xsbench   , -mhistory-ssmall-ghash                                    , 1    , 1.2371 , 1.135  , 1.0   ,       ,       ,           ,       ,        ,           ,           ,          ,          ,             , 
xsbench   , -mhistory-ssmall-gnuclide                                 , 1    , 0.9557 , 1.2747 , 1.0   ,       ,       ,           ,       ,        ,           ,           ,          ,          ,             , 
xsbench   , -mhistory-ssmall-gunionized                               , 1    , 0.6996 , 0.8726 , 1.0   ,       ,       ,           ,       ,        ,           ,           ,          ,          ,             , 
xsbench   , -mhistory-sxl-ghash                                       , 1    , 0.9401 , 1.0116 , 1.0   , 0.1385, 0.1148,           , 0.1956, 0.1112 , 0.1938    ,           , 0.1762   ,          , 0.1174      , 
xsbench   , -mhistory-sxl-gnuclide                                    , 1    , 0.9374 , 1.047  , 1.0   ,       ,       ,           ,       ,        ,           ,           ,          ,          ,             , 
xsbench   , -mhistory-sxl-gunionized                                  , 1    , 2.2091 , 2.6211 , 1.0   , 0.3706, 0.2483,           , 0.6095, 0.3558 , 0.6078    ,           , 0.4757   ,          , 0.4356      , 
xsbench   , -mhistory-sxxl-ghash                                      , 1    , 0.9533 , 1.0366 , 1.0   , 0.2306, 0.1963,           , 0.3136, 0.1873 , 0.3134    ,           , 0.2654   ,          , 0.174       , 
xsbench   , -mhistory-sxxl-gnuclide                                   , 1    , 0.9225 , 1.073  , 1.0   ,       ,       ,           , 0.1136,        , 0.1129    ,           , 0.1048   ,          ,             , 
xsbench   , -mhistory-sxxl-gunionized                                 , 1    , 0.9783 , 1.1132 , 1.0   ,       ,       ,           ,       , 0.1969 , 0.3287    ,           , 0.257    ,          , 0.2314      , 
